time (ms),friction coefficient,slip (m),velocity,SEP_300,FIM_300,SEP_500,FIM_500
0.0,0.4377987588761126,2.0113408276963007e-5,0.0,,,,
0.0400000000372529,0.43802775815725215,2.0725103143458268e-5,0.015292371662381508,,,,
0.0800000000745058,0.43914789661793596,2.0725103143458268e-5,0.0,,,,
0.12000000011175871,0.43898124524641463,2.0725103143458268e-5,0.0,,,,
0.1600000001490116,0.43728634236898467,2.0725103143458268e-5,0.0,,,,
0.20000000018626451,0.4395614110122998,2.0725103143458268e-5,0.0,,,,
0.24000000022351742,0.440274992495557,2.0725103143458268e-5,0.0,,,,
0.2800000002607703,0.44010401156160384,2.0725103143458268e-5,0.0,,,,
0.3200000002980232,0.4390451085395143,2.0725103143458268e-5,0.0,,,,
0.3600000003352761,0.4399667186285583,2.0725103143458268e-5,0.0,,,,
0.40000000037252903,0.44131876575532236,2.0725103143458268e-5,0.0,,,,
0.44000000040978193,0.4399127766298224,2.0725103143458268e-5,0.0,,,,
0.48000000044703484,0.4373307988423572,2.0725103143458268e-5,0.0,,,,
0.5200000004842877,0.437639280572084,2.0725103143458268e-5,0.0,,,,
0.5600000005215406,0.44027597837775867,2.0725103143458268e-5,0.0,,,,
0.6000000005587935,0.43808762257196426,2.0725103143458268e-5,0.0,,,,
0.6400000005960464,0.4398006220481496,2.0725103143458268e-5,0.0,,,,
0.6800000006332994,0.4392357732448136,2.0725103143458268e-5,0.0,,,,
0.7200000006705523,0.43898882840901693,2.0725103143458268e-5,0.0,,,,
0.7600000007078052,0.43968234110532445,2.0725103143458268e-5,0.0,,,,
0.8000000007450581,0.4391664726834608,2.0725103143458268e-5,0.0,,,,
0.840000000782311,0.43964473952486127,2.0725103143458268e-5,0.0,,,,
0.8800000008195639,0.43955633396476157,2.0725103143458268e-5,0.0,,,,
0.9200000008568168,0.44012622370188603,2.0725103143458268e-5,0.0,,,,
0.9600000008940697,0.44094616121458813,2.0725103143458268e-5,0.0,,,,
1.0000000009313226,0.4391807509645612,2.0725103143458268e-5,0.0,,,,
1.0400000009685755,0.439608268619098,2.1336797881670727e-5,0.015292368455311482,,,,
1.0800000010058284,0.44023294504950333,2.1336797881670727e-5,0.0,,,,
1.1200000010430813,0.4388732463464007,2.1336797881670727e-5,0.0,,,,
1.1600000010803342,0.4390317091200165,2.1336797881670727e-5,0.0,,,,
1.200000001117587,0.4408803951099188,2.1336797881670727e-5,0.0,,,,
1.24000000115484,0.44015563058079216,2.1336797881670727e-5,0.0,,,,
1.280000001192093,0.4389295194225579,2.1336797881670727e-5,0.0,,,,
1.3200000012293458,0.44018131151298867,2.1336797881670727e-5,0.0,,,,
1.3600000012665987,0.44111742170308277,2.1336797881670727e-5,0.0,,,,
1.4000000013038516,0.4410205884645418,2.1336797881670727e-5,0.0,,,,
1.4400000013411045,0.44115541972869804,2.1336797881670727e-5,0.0,,,,
1.4800000013783574,0.4405844684560142,2.1336797881670727e-5,0.0,,,,
1.5200000014156103,0.4403312125002068,2.1336797881670727e-5,0.0,,,,
1.5600000014528632,0.44074612745405,2.194849210675892e-5,0.01529235562720485,,,,
1.6000000014901161,0.43849000172248653,2.194849210675892e-5,0.0,,,,
1.640000001527369,0.43993749736894006,2.194849210675892e-5,0.0,,,,
1.680000001564622,0.44112006549239285,2.194849210675892e-5,0.0,,,,
1.7200000016018748,0.44466746198906487,2.194849210675892e-5,0.0,,,,
1.7600000016391277,0.443099647773658,2.194849210675892e-5,0.0,,,,
1.8000000016763806,0.4425266235571844,2.194849210675892e-5,0.0,,,,
1.8400000017136335,0.4474113988339898,2.194849210675892e-5,0.0,,,,
1.8800000017508864,0.4441736787752005,2.194849210675892e-5,0.0,,,,
1.9200000017881393,0.44465269331989954,2.256018799950618e-5,0.01529239731868151,,,,
1.9600000018253922,0.4453148957817447,2.256018799950618e-5,0.0,,,,
2.000000001862645,0.4500296072998919,2.256018799950618e-5,0.0,,,,
2.040000001899898,0.44604694779185944,2.256018799950618e-5,0.0,,,,
2.080000001937151,0.44594381370491276,2.256018799950618e-5,0.0,,,,
2.120000001974404,0.4493522538743425,2.256018799950618e-5,0.0,,,,
2.1600000020116568,0.4500288362839858,2.256018799950618e-5,0.0,,,,
2.2000000020489097,0.44927421801156836,2.256018799950618e-5,0.0,,,,
2.2400000020861626,0.4529308413695229,2.317188260943931e-5,0.015292365248328192,,,,
2.2800000021234155,0.4536680147587967,2.317188260943931e-5,0.0,,,,
2.3200000021606684,0.4524333690963023,2.317188260943931e-5,0.0,,,,
2.3600000021979213,0.45563790923908515,2.317188260943931e-5,0.0,,,,
2.400000002235174,0.4561166207857937,2.317188260943931e-5,0.0,,,,
2.440000002272427,0.45667819817123756,2.317188260943931e-5,0.0,,,,
2.48000000230968,0.4571066065779049,2.317188260943931e-5,0.0,,,,
2.520000002346933,0.45806320188937666,2.3783577219372437e-5,0.015292365248328192,,,,
2.560000002384186,0.462460803060427,2.3783577219372437e-5,0.0,,,,
2.6000000024214387,0.45943101820772053,2.3783577219372437e-5,0.0,,,,
2.6400000024586916,0.4619881795826458,2.3783577219372437e-5,0.0,,,,
2.6800000024959445,0.4649656600186317,2.3783577219372437e-5,0.0,,,,
2.7200000025331974,0.466070529708516,2.3783577219372437e-5,0.0,,,,
2.7600000025704503,0.46716239406922877,2.3783577219372437e-5,0.0,,,,
2.800000002607703,0.467642701826266,2.4395271829302095e-5,0.015292365248241456,,,,
2.840000002644956,0.46703757197773615,2.4395271829302095e-5,0.0,,,,
2.880000002682209,0.4726114535982816,2.4395271829302095e-5,0.0,,,,
2.920000002719462,0.4749338804116474,2.4395271829302095e-5,0.0,,,,
2.960000002756715,0.47675735856664647,2.4395271829302095e-5,0.0,,,,
3.0000000027939677,0.4748488640611073,2.4395271829302095e-5,0.0,,,,
3.0400000028312206,0.47779248090371645,2.5006966439235223e-5,0.015292365248328192,,,,
3.0800000028684735,0.47960548198864067,2.5006966439235223e-5,0.0,,,,
3.1200000029057264,0.48019366321260415,2.5006966439235223e-5,0.0,,,,
3.1600000029429793,0.4842264877127286,2.5006966439235223e-5,0.0,,,,
3.2000000029802322,0.4842067348916935,2.5006966439235223e-5,0.0,,,,
3.240000003017485,0.4887928162630977,2.561866104916835e-5,0.015292365248328192,,,,
3.280000003054738,0.49058367854582374,2.561866104916835e-5,0.0,,,,
3.320000003091991,0.49403443795243274,2.561866104916835e-5,0.0,,,,
3.360000003129244,0.495727876610215,2.561866104916835e-5,0.0,,,,
3.4000000031664968,0.4966512466746454,2.561866104916835e-5,0.0,,,,
3.4400000032037497,0.49463176617617316,2.623035694191561e-5,0.01529239731868151,,,,
3.4800000032410026,0.5001330469722982,2.623035694191561e-5,0.0,,,,
3.5200000032782555,0.5023684797639872,2.623035694191561e-5,0.0,,,,
3.5600000033155084,0.506119586470851,2.623035694191561e-5,0.0,,,,
3.6000000033527613,0.5076348008803739,2.623035694191561e-5,0.0,,,,
3.640000003390014,0.5084415474415065,2.684205155184527e-5,0.015292365248241456,,,,
3.680000003427267,0.5120031895317482,2.684205155184527e-5,0.0,,,,
3.72000000346452,0.5154338283430474,2.684205155184527e-5,0.0,,,,
3.760000003501773,0.5180563944278497,2.684205155184527e-5,0.0,,,,
3.800000003539026,0.518142231369424,2.684205155184527e-5,0.0,,,,
3.8400000035762787,0.5188105616696805,2.7453746161778397e-5,0.015292365248328192,,,,
3.8800000036135316,0.5260439335362993,2.7453746161778397e-5,0.0,,,,
3.9200000036507845,0.5244688835726091,2.7453746161778397e-5,0.0,,,,
3.9600000036880374,0.5281722930962569,2.7453746161778397e-5,0.0,,,,
4.00000000372529,0.5312216647788544,2.8065440771711525e-5,0.015292365248328192,,,,
4.040000003762543,0.5294885198073577,2.8065440771711525e-5,0.0,,,,
4.080000003799796,0.5364901660221353,2.8065440771711525e-5,0.0,,,,
4.120000003837049,0.5378593265122268,2.8065440771711525e-5,0.0,,,,
4.160000003874302,0.5401030251567616,2.8677135381641183e-5,0.015292365248241456,,,,
4.200000003911555,0.5410644266702462,2.8677135381641183e-5,0.0,,,,
4.240000003948808,0.5455215442941197,2.8677135381641183e-5,0.0,,,,
4.280000003986061,0.5480270087956103,2.8677135381641183e-5,0.0,,,,
4.3200000040233135,0.5491300998695201,2.8677135381641183e-5,0.0,,,,
4.360000004060566,0.5554940231259126,2.928882999157431e-5,0.015292365248328192,,,,
4.400000004097819,0.556704552806818,2.928882999157431e-5,0.0,,,,
4.440000004135072,0.5556690414305702,2.928882999157431e-5,0.0,,,,
4.480000004172325,0.5611878698981787,2.928882999157431e-5,0.0,,,,
4.520000004209578,0.5660786964455672,2.990052588432504e-5,0.015292397318768245,,,,
4.560000004246831,0.5660015033494057,2.990052588432504e-5,0.0,,,,
4.600000004284084,0.5662518621849171,2.990052588432504e-5,0.0,,,,
4.640000004321337,0.5712883090805665,3.05122204942547e-5,0.015292365248241456,,,,
4.68000000435859,0.5710521480346947,3.05122204942547e-5,0.0,,,,
4.7200000043958426,0.5721212162960926,3.05122204942547e-5,0.0,,,,
4.7600000044330955,0.5762983843432442,3.05122204942547e-5,0.0,,,,
4.800000004470348,0.5762856342170124,3.112391510418783e-5,0.015292365248328192,,,,
4.840000004507601,0.5809028236995604,3.112391510418783e-5,0.0,,,,
4.880000004544854,0.5806103876760238,3.112391510418783e-5,0.0,,,,
4.920000004582107,0.5832030822348389,3.112391510418783e-5,0.0,,,,
4.96000000461936,0.586064936689674,3.1735609714120955e-5,0.015292365248328192,,,,
5.000000004656613,0.5849071104175896,3.1735609714120955e-5,0.0,,,,
5.040000004693866,0.5860518501480408,3.1735609714120955e-5,0.0,,,,
5.080000004731119,0.5841313473537212,3.234730432405061e-5,0.015292365248241456,,,,
5.120000004768372,0.5847974897109779,3.234730432405061e-5,0.0,,,,
5.1600000048056245,0.5844038018828884,3.234730432405061e-5,0.0,,,,
5.200000004842877,0.5817407280657103,3.234730432405061e-5,0.0,,,,
5.24000000488013,0.5806981505678647,3.294157827912064e-5,0.014856848876750732,,,,
5.280000004917383,0.5835808817889969,3.294157827912064e-5,0.0,,,,
5.320000004954636,0.5835669075857263,3.294157827912064e-5,0.0,,,,
5.360000004991889,0.5882979512003924,3.3582986779228524e-5,0.016035212502697044,,,,
5.400000005029142,0.5948202835430408,3.3582986779228524e-5,0.0,,,,
5.440000005066395,0.599599311414191,3.3582986779228524e-5,0.0,,,,
5.480000005103648,0.6060595441635502,3.4224395279336406e-5,0.016035212502697044,,,,
5.520000005140901,0.6085395517090757,3.4224395279336406e-5,0.0,,,,
5.5600000051781535,0.6126514995416287,3.4224395279336406e-5,0.0,,,,
5.600000005215406,0.6189899952031861,3.4224395279336406e-5,0.0,,,,
5.640000005252659,0.6235280142223849,3.4737522079421324e-5,0.012828170002122939,,,,
5.680000005289912,0.6263456448903029,3.4737522079421324e-5,0.0,,,,
5.720000005327165,0.6343690552569634,3.4737522079421324e-5,0.0,,,,
5.760000005364418,0.6324293387427473,3.5378930579532675e-5,0.01603521250278378,,,,
5.800000005401671,0.6374251426353849,3.5378930579532675e-5,0.0,,,,
5.840000005438924,0.6422666882719047,3.5378930579532675e-5,0.0,,,,
5.880000005476177,0.6473906308553667,3.6020339079640556e-5,0.016035212502697044,,,,
5.92000000551343,0.6516468231340036,3.6020339079640556e-5,0.0,,,,
5.9600000055506825,0.6541730585165443,3.6020339079640556e-5,0.0,,,,
6.0000000055879354,0.663223289842637,3.666174757974497e-5,0.016035212502610308,,,,
6.040000005625188,0.6661567586204932,3.666174757974497e-5,0.0,,,,
6.080000005662441,0.6718314407888134,3.666174757974497e-5,0.0,,,,
6.120000005699694,0.6778529160356,3.730315607985285e-5,0.016035212502697044,,,,
6.160000005736947,0.6803754153818482,3.730315607985285e-5,0.0,,,,
6.2000000057742,0.6833429964193716,3.781628287994124e-5,0.012828170002209675,,,,
6.240000005811453,0.6885705657106012,3.781628287994124e-5,0.0,,,,
6.280000005848706,0.6911641741517336,3.781628287994124e-5,0.0,,,,
6.320000005885959,0.6948502092094241,3.845769138004912e-5,0.016035212502697044,,,,
6.360000005923212,0.7020186182226739,3.845769138004912e-5,0.0,,,,
6.4000000059604645,0.7071506344420995,3.845769138004912e-5,0.0,,,,
6.440000005997717,0.710377818102096,3.9099099880157e-5,0.016035212502697044,,,,
6.48000000603497,0.7112596827846029,3.9099099880157e-5,0.0,,,,
6.520000006072223,0.7169587667214489,3.9740508380261413e-5,0.016035212502610308,,,,
6.560000006109476,0.7204830175607376,3.9740508380261413e-5,0.0,,,,
6.600000006146729,0.7234138258888088,3.9740508380261413e-5,0.0,,,,
6.640000006183982,0.7253300144464383,4.02536351803498e-5,0.012828170002209675,,,,
6.680000006221235,0.7311602843417899,4.02536351803498e-5,0.0,,,,
6.720000006258488,0.7314473025373078,4.089504368045768e-5,0.016035212502697044,,,,
6.760000006295741,0.7343029501012058,4.089504368045768e-5,0.0,,,,
6.8000000063329935,0.7409214301854329,4.089504368045768e-5,0.0,,,,
6.840000006370246,0.7398295069744067,4.1536452180565564e-5,0.016035212502697044,,,,
6.880000006407499,0.7427866819691983,4.1536452180565564e-5,0.0,,,,
6.920000006444752,0.7439254726105907,4.2177860680673446e-5,0.016035212502697044,,,,
6.960000006482005,0.7495755520606723,4.2177860680673446e-5,0.0,,,,
7.000000006519258,0.7482202320516704,4.2177860680673446e-5,0.0,,,,
7.040000006556511,0.7479099882004693,4.269098748076183e-5,0.012828170002209675,,,,
7.080000006593764,0.7525917873184743,4.269098748076183e-5,0.0,,,,
7.120000006631017,0.752570839906255,4.3332395980866245e-5,0.016035212502610308,,,,
7.16000000666827,0.7537642406565106,4.3332395980866245e-5,0.0,,,,
7.2000000067055225,0.7586749632433238,4.397380448097413e-5,0.016035212502697044,,,,
7.240000006742775,0.758100857237077,4.397380448097413e-5,0.0,,,,
7.280000006780028,0.7580468622765056,4.461521298108548e-5,0.01603521250278378,,,,
7.320000006817281,0.7572527118822157,4.461521298108548e-5,0.0,,,,
7.360000006854534,0.7613364273935588,4.525662148119336e-5,0.016035212502697044,,,,
7.400000006891787,0.7596702141482098,4.525662148119336e-5,0.0,,,,
7.44000000692904,0.7613591801624136,4.576974828127828e-5,0.012828170002122939,,,,
7.480000006966293,0.7623115307771262,4.576974828127828e-5,0.0,,,,
7.520000007003546,0.7622640268742255,4.641115678138963e-5,0.01603521250278378,,,,
7.560000007040799,0.762210583424778,4.641115678138963e-5,0.0,,,,
7.600000007078052,0.7651739949179811,4.705256528149404e-5,0.016035212502610308,,,,
7.6400000071153045,0.7624562513645189,4.705256528149404e-5,0.0,,,,
7.680000007152557,0.761482030876005,4.769397378160192e-5,0.016035212502697044,,,,
7.72000000718981,0.7659679823668936,4.769397378160192e-5,0.0,,,,
7.760000007227063,0.7664290552436158,4.820710058168684e-5,0.012828170002122939,,,,
7.800000007264316,0.7638910032444055,4.820710058168684e-5,0.0,,,,
7.840000007301569,0.7619800211709187,4.884850908179819e-5,0.01603521250278378,,,,
7.880000007338822,0.7662105009579949,4.884850908179819e-5,0.0,,,,
7.920000007376075,0.7654869761736008,4.948991758190607e-5,0.016035212502697044,,,,
7.960000007413328,0.7645965078938362,5.0131326082013955e-5,0.016035212502697044,,,,
8.00000000745058,0.7653453605132807,5.0131326082013955e-5,0.0,,,,
8.040000007487833,0.7652052908138858,5.064445288209887e-5,0.012828170002122939,,,,
8.080000007525086,0.7695141717704091,5.064445288209887e-5,0.0,,,,
8.12000000756234,0.7699093063608458,5.1285861382206754e-5,0.016035212502697044,,,,
8.160000007599592,0.7682770179825323,5.1927269882314636e-5,0.016035212502697044,,,,
8.200000007636845,0.773027672853145,5.1927269882314636e-5,0.0,,,,
8.240000007674098,0.7719079852922645,5.256867838242252e-5,0.016035212502697044,,,,
8.280000007711351,0.7740430183315455,5.3081805182510905e-5,0.012828170002209675,,,,
8.320000007748604,0.776953058035057,5.3081805182510905e-5,0.0,,,,
8.360000007785857,0.7771417369238062,5.372321368261879e-5,0.016035212502697044,,,,
8.40000000782311,0.7798572966871918,5.43646221827232e-5,0.016035212502610308,,,,
8.440000007860363,0.7848267375042189,5.500603068283108e-5,0.016035212502697044,,,,
8.480000007897615,0.788779160746242,5.500603068283108e-5,0.0,,,,
8.520000007934868,0.7905922170923921,5.564743918293896e-5,0.016035212502697044,,,,
8.560000007972121,0.7922010545235791,5.616056598302735e-5,0.012828170002209675,,,,
8.600000008009374,0.791805298973889,5.680197448313523e-5,0.016035212502697044,,,,
8.640000008046627,0.7952243018716907,5.744338298324311e-5,0.016035212502697044,,,,
8.68000000808388,0.8007537471877106,5.8084791483350995e-5,0.016035212502697044,,,,
8.720000008121133,0.8029363216003539,5.8084791483350995e-5,0.0,,,,
8.760000008158386,0.80528562487308,5.859791828343591e-5,0.012828170002122939,,,,
8.800000008195639,0.8096424515757024,5.9239326783543794e-5,0.016035212502697044,,,,
8.840000008232892,0.810882096026708,5.9880735283651676e-5,0.016035212502697044,,,,
8.880000008270144,0.8141599214008596,6.052214378376303e-5,0.01603521250278378,,,,
8.920000008307397,0.816740669694218,6.103527058384794e-5,0.012828170002122939,,,,
8.96000000834465,0.8233041955148569,6.167667908395236e-5,0.016035212502610308,,,,
9.000000008381903,0.8251004871103795,6.231808758406371e-5,0.01603521250278378,,,,
9.040000008419156,0.825650595496967,6.295949608417159e-5,0.016035212502697044,,,,
9.080000008456409,0.8290418933462546,6.360090458427947e-5,0.016035212502697044,,,,
9.120000008493662,0.8335901410506573,6.411403138436786e-5,0.012828170002209675,,,,
9.160000008530915,0.8344047616366634,6.475543988447227e-5,0.016035212502610308,,,,
9.200000008568168,0.8395703478552635,6.539684838458015e-5,0.016035212502697044,,,,
9.24000000860542,0.8396403038182957,6.603825688468803e-5,0.016035212502697044,,,,
9.280000008642673,0.846552421064289,6.71927921848843e-5,0.028863382504906717,,,,
9.320000008679926,0.8518458643207999,6.783420068499219e-5,0.016035212502697044,,,,
9.36000000871718,0.8544673299299754,6.84756091850966e-5,0.016035212502610308,,,,
9.400000008754432,0.8627270687645489,6.898873598518498e-5,0.012828170002209675,,,,
9.440000008791685,0.8611053987025941,6.963014448529287e-5,0.016035212502697044,,,,
9.480000008828938,0.8640587970639848,7.091296148550863e-5,0.03207042500539409,,,,
9.520000008866191,0.8656869169285192,7.155436998561998e-5,0.01603521250278378,,,,
9.560000008903444,0.8706191208414038,7.206749678570143e-5,0.012828170002036203,,,,
9.600000008940697,0.8761259897770055,7.335031378591719e-5,0.03207042500539409,,,,
9.64000000897795,0.8764913457697591,7.399172228602854e-5,0.01603521250278378,,,,
9.680000009015203,0.8784081284309756,7.450484908611346e-5,0.012828170002122939,,,,
9.720000009052455,0.8814209698735411,7.578766608632923e-5,0.03207042500539409,,,,
9.760000009089708,0.8856960817795008,7.642907458643711e-5,0.016035212502697044,,,,
9.800000009126961,0.8867560983954017,7.758360988663338e-5,0.028863382504906717,,,,
9.840000009164214,0.8871120748481558,7.822501838674126e-5,0.016035212502697044,,,,
9.880000009201467,0.8897951229032975,7.950783538695355e-5,0.03207042500530735,,,,
9.92000000923872,0.8909152159714004,8.002096218704194e-5,0.012828170002209675,,,,
9.960000009275973,0.893518359790465,8.13037791872577e-5,0.03207042500539409,,,,
10.000000009313226,0.8950143158816201,8.194518768736558e-5,0.016035212502697044,,,,
10.040000009350479,0.895895786527524,8.309972298755838e-5,0.02886338250481998,,,,
10.080000009387732,0.892327949560417,8.438253998777415e-5,0.03207042500539409,,,,
10.120000009424984,0.8960178694387226,8.489566678786253e-5,0.012828170002209675,,,,
10.160000009462237,0.8945287723846446,8.617848378807483e-5,0.03207042500530735,,,,
10.20000000949949,0.896561268417128,8.746130078829406e-5,0.032070425005480824,,,,
10.240000009536743,0.894814052289076,8.797442758837898e-5,0.012828170002122939,,,,
10.280000009573996,0.8953782204017312,8.925724458859821e-5,0.032070425005480824,,,,
10.320000009611249,0.8937149482073063,9.041177988878754e-5,0.028863382504733245,,,,
10.360000009648502,0.8948886378613559,9.169459688900677e-5,0.032070425005480824,,,,
10.400000009685755,0.8897681696379989,9.284913218919957e-5,0.02886338250481998,,,,
10.440000009723008,0.890719213691924,9.413194918941534e-5,0.03207042500539409,,,,
10.48000000976026,0.8868904125753865,9.54147661896311e-5,0.03207042500539409,,,,
10.520000009797513,0.8855616848877937,9.656930148982737e-5,0.028863382504906717,,,,
10.560000009834766,0.8823703980807907,9.721070998993178e-5,0.016035212502610308,,,,
10.60000000987202,0.8826247034901391,9.836524529012805e-5,0.028863382504906717,,,,
10.640000009909272,0.8807570810058186,0.00010028947079044823,0.04810563750800439,,,,
10.680000009946525,0.8737276262805127,0.0001014440060906445,0.028863382504906717,,,,
10.720000009983778,0.8718952808190782,0.00010272682309086373,0.032070425005480824,,,,
10.760000010021031,0.868994874496383,0.00010388135839105306,0.028863382504733245,,,,
10.800000010058284,0.8679134567961219,0.00010516417539127229,0.032070425005480824,,,,
10.840000010095537,0.8610663321059032,0.00010631871069146509,0.02886338250481998,,,,
10.88000001013279,0.8618565865867516,0.00010760152769168085,0.03207042500539409,,,,
10.920000010170043,0.8549610976848887,0.00010875606299187712,0.028863382504906717,,,,
10.960000010207295,0.8499309985877415,0.00011003887999209289,0.03207042500539409,,,,
11.000000010244548,0.8479021372634984,0.00011183482379239357,0.04489859500751702,,,,
11.040000010281801,0.8422866899909921,0.00011311764079260933,0.03207042500539409,,,,
11.080000010319054,0.8395128319250411,0.0001142721760928056,0.028863382504906717,,,,
11.120000010356307,0.8333979212051793,0.00011619640159312924,0.048105637508091124,,,,
11.16000001039356,0.8276573569070566,0.00011735093689332204,0.02886338250481998,,,,
11.200000010430813,0.8236663108986899,0.00011863375389353781,0.03207042500539409,,,,
11.240000010468066,0.819640656524843,0.00012042969769384196,0.04489859500760376,,,,
11.280000010505319,0.8111944224690416,0.00012171251469405425,0.03207042500530735,,,,
11.320000010542572,0.8096917889983606,0.00012286704999425052,0.028863382504906717,,,,
11.360000010579824,0.8007051249606264,0.00012466299379455467,0.04489859500760376,,,,
11.400000010617077,0.7953630186077875,0.00012658721929487485,0.04810563750800439,,,,
11.44000001065433,0.7858135104306462,0.00012774175459507112,0.028863382504906717,,,,
11.480000010691583,0.7840632256682107,0.0001290245715952834,0.03207042500530735,,,,
11.520000010728836,0.7801604704805009,0.00013082051539558756,0.04489859500760376,,,,
11.560000010766089,0.7755745706597746,0.0001321033323958068,0.032070425005480824,,,,
11.600000010803342,0.771126441675224,0.00013389927619610748,0.04489859500751702,,,,
11.640000010840595,0.7629483871002924,0.00013569521999641163,0.04489859500760376,,,,
11.680000010877848,0.7584027182704083,0.00013697803699662392,0.03207042500530735,,,,
11.7200000109151,0.749255621465568,0.00013877398079692807,0.04489859500760376,,,,
11.760000010952353,0.7477060816741699,0.00014056992459722875,0.04489859500751702,,,,
11.800000010989606,0.7427013659789373,0.0001424941500975524,0.048105637508091124,,,,
11.84000001102686,0.7408319340314133,0.0001436486853977452,0.02886338250481998,,,,
11.880000011064112,0.7352083554735113,0.0001455729108980723,0.04810563750817786,,,,
11.920000011101365,0.7320748791210177,0.000147368854698373,0.04489859500751702,,,,
11.960000011138618,0.728740645302233,0.00014916479849867714,0.04489859500760376,0.01549184696,258.165495543545,,
12.000000011175871,0.719047864886929,0.00015096074229897435,0.044898595007430285,0.015863245179,253.773809142177,,
12.040000011213124,0.716007327318044,0.00015288496779930147,0.04810563750817786,0.015974910257,250.816437218786,,
12.080000011250377,0.711076546202081,0.00015468091159960215,0.04489859500751702,0.016638048358,247.663407475218,,
12.12000001128763,0.7083630631506923,0.0001564768553999063,0.04489859500760376,0.013963918254,260.868301205834,,
12.160000011324883,0.7047728415959575,0.00015840108090022648,0.04810563750800439,0.014102280839,255.940954740229,,
12.200000011362135,0.7037706693561474,0.00016019702470053063,0.04489859500760376,0.014238268792,251.145905868921,,
12.240000011399388,0.7031656425362983,0.0001619929685008313,0.04489859500751702,0.014472234086,245.559092812177,,
12.280000011436641,0.7018606015238161,0.00016391719400115842,0.04810563750817786,0.014609114894,240.884536161934,,
12.320000011473894,0.6981786608584555,0.0001657131378014591,0.04489859500751702,0.014836922574,320.717765675147,,
12.360000011511147,0.6968018175487527,0.00016750908160176325,0.04489859500760376,0.014962583918,261.057557347551,,
12.4000000115484,0.6973467658626517,0.00016930502540206394,0.04489859500751702,0.01498194655,236.853200942702,,
12.440000011585653,0.6950375788942865,0.00017122925090238758,0.048105637508091124,0.015101542147,228.999567252174,,
12.480000011622906,0.6937058869087956,0.00017366660320279614,0.060933807510214065,0.01543023404,221.89109657578,,
12.520000011660159,0.692860935377063,0.00017546254700309682,0.04489859500751702,0.015921608309,214.935944677289,,
12.560000011697412,0.6937036042817983,0.00017725849080340098,0.04489859500760376,0.016285582364,210.471340936597,,
12.600000011734664,0.6896245685745965,0.00017918271630372462,0.048105637508091124,0.016827531584,207.381580880464,,
12.640000011771917,0.6926839981655711,0.00018162006860413665,0.0609338075103008,0.016884361303,205.756316347629,,
12.68000001180917,0.6947300327382959,0.00018341601240443733,0.04489859500751702,0.014274911426,215.787867588878,,
12.720000011846423,0.6960200511679767,0.0001858533647048459,0.060933807510214065,0.014367822431,212.344785789482,,
12.760000011883676,0.6939377021352687,0.000187777590205173,0.04810563750817786,0.014459469345,208.945764638277,,
12.800000011920929,0.6928595859545532,0.00019021494250558157,0.060933807510214065,0.014657552676,204.272806610367,,
12.840000011958182,0.7013253747659366,0.00019201088630588573,0.04489859500760376,0.014625192017,202.850791848532,,
12.880000011995435,0.6966859183102906,0.0001944482386062943,0.060933807510214065,0.015668743073,182.913580263872,,
12.920000012032688,0.6962711446405131,0.00019624418240659844,0.04489859500760376,0.016129679162,177.952145537383,,
12.96000001206994,0.6991810233674384,0.000198681534707007,0.060933807510214065,0.016275125231,175.808323586356,,
13.000000012107193,0.7015182810533398,0.00020060576020732718,0.04810563750800439,0.01639409827,174.423300853839,,
13.040000012144446,0.7023881962721671,0.00020304311250774268,0.06093380751038754,0.016337313953,173.651849013856,,
13.0800000121817,0.699908098120173,0.00020548046480815124,0.060933807510214065,0.016366459116,172.540741054318,,
13.120000012218952,0.7053012815017689,0.00020727640860845192,0.04489859500751702,0.016035082086,173.051908812514,,
13.160000012256205,0.7104535152905394,0.00020971376090886396,0.0609338075103008,0.016042701842,172.62600805537,,
13.200000012293458,0.7103002769884073,0.00021215111320927252,0.060933807510214065,0.015688849159,173.79602476427,,
13.24000001233071,0.7119891129277034,0.00021458846550968108,0.060933807510214065,0.015330710681,174.886884284682,,
13.280000012367964,0.7165489717106129,0.0002170258178100931,0.0609338075103008,0.015036116271,176.558271841411,,
13.320000012405217,0.7179893844484689,0.00021946317011050168,0.060933807510214065,0.014531560574,180.21692450617,,
13.36000001244247,0.7201172208949738,0.0002220288041109332,0.06414085001078818,0.014323383566,181.863195196569,,
13.400000012479722,0.7226014249793564,0.00022446615641134524,0.0609338075103008,0.01400816102,184.767714261732,,
13.440000012516975,0.7263669829655883,0.0002269035087117538,0.060933807510214065,0.013589753612,188.974987691537,,
13.480000012554228,0.72899989256883,0.00022934086101216236,0.060933807510214065,0.015852036617,183.846743555363,,
13.520000012591481,0.7300715724859511,0.0002317782133125744,0.0609338075103008,0.015079823706,183.88240312323,,
13.560000012628734,0.7333989708761272,0.00023421556561298643,0.0609338075103008,0.014351110789,187.044947601178,,
13.600000012665987,0.7367481356784303,0.000236652917913395,0.060933807510214065,0.013922420598,191.06266006581,,
13.64000001270324,0.7389830014777471,0.00023909027021380355,0.060933807510214065,0.013388142812,196.470583985908,,
13.680000012740493,0.7393496278161791,0.00024216903101432347,0.07696902001299785,0.012936560484,202.729978855096,,
13.720000012777746,0.7437550574462387,0.00024460638331473203,0.060933807510214065,0.012517230368,207.333116747646,,
13.760000012814999,0.7463237808821082,0.0002470437356151406,0.060933807510214065,0.014472890367,200.494197831163,,
13.800000012852252,0.7475393389349047,0.0002501224964156605,0.07696902001299785,0.014103926455,202.075240791922,,
13.840000012889504,0.7527686726981412,0.00025255984871607254,0.0609338075103008,0.013126499094,207.411313291868,,
13.880000012926757,0.7528305783834829,0.0002549972010164811,0.060933807510214065,0.012800798497,210.973558421374,,
13.92000001296401,0.75516745371783,0.00025807596181699755,0.07696902001291112,0.011907795128,212.087680528145,,
13.960000013001263,0.7603784206774643,0.0002605133141174061,0.060933807510214065,0.011977449461,210.320883810662,,
14.000000013038516,0.7628182058412207,0.0002635920749179295,0.07696902001308459,0.011761817742,212.428513984897,,
14.040000013075769,0.7669134890396393,0.00026602942721833805,0.060933807510214065,0.011442005227,216.394533083897,,
14.080000013113022,0.7676690201812795,0.0002691081880188545,0.07696902001291112,0.011391108224,217.165039410333,,
14.120000013150275,0.7710019292738077,0.00027218694881937094,0.07696902001291112,0.013183595259,209.286582363918,,
14.160000013187528,0.7710217311772369,0.00027462430111978645,0.06093380751038754,0.012674023178,210.459082475691,,
14.20000001322478,0.7719295893530422,0.0002775747802202799,0.07376197751233701,0.0126697864,212.455852421185,,
14.240000013262033,0.7761410258325278,0.00028065354102079984,0.07696902001299785,0.012232195222,213.639028858716,,
14.280000013299286,0.7751118114881057,0.0002837323018213163,0.07696902001291112,0.011678832124,217.200850053908,,
14.32000001333654,0.7767178054073666,0.00028681106262183273,0.07696902001291112,0.011536697205,219.250593372062,,
14.360000013373792,0.7812836925397232,0.0002898898234223492,0.07696902001291112,0.011401376555,220.667729988032,,
14.400000013411045,0.7842906226171831,0.0002923271757227647,0.06093380751038754,0.01110002331,223.02639756636,,
14.440000013448298,0.7851468396001472,0.0002954059365232811,0.07696902001291112,0.010702630218,227.707161741008,,
14.48000001348555,0.7874464713976409,0.00029848469732379757,0.07696902001291112,0.010565206577,229.435751963169,,
14.520000013522804,0.7894015881019164,0.0003014351764242945,0.07376197751242375,0.010260908371,233.557579344206,,
14.560000013560057,0.7907765186614641,0.00030451393722481096,0.07696902001291112,0.00996386096,237.686291503685,,
14.60000001359731,0.793729266907815,0.00030823410652543876,0.09300423251569488,0.009917316235,237.579668169496,,
14.640000013634562,0.7947150663019712,0.0003113128673259552,0.07696902001291112,0.009966967551,235.569958362866,,
14.680000013671815,0.7951636459443318,0.00031439162812647165,0.07696902001291112,0.009668469308,240.104343418867,,
14.720000013709068,0.7986321802188684,0.00031734210722697206,0.07376197751251048,0.00955125132,241.127824744982,,
14.760000013746321,0.7987174175005387,0.0003204208680274885,0.07696902001291112,0.011061762853,236.579457145996,,
14.800000013783574,0.8013598378264073,0.0003241410373281163,0.09300423251569488,0.009971786263,239.256844814503,,
14.840000013820827,0.803878229139995,0.00032721979812863275,0.07696902001291112,0.009176880889,246.130681303829,,
14.88000001385808,0.8044545374871341,0.0003302985589291492,0.07696902001291112,0.009141263089,245.578234300166,,
14.920000013895333,0.8042643730439328,0.00033324903802964614,0.07376197751242375,0.010151747345,240.268598346032,,
14.960000013932586,0.8040497845866276,0.00033696920733027394,0.09300423251569488,0.009635757585,240.101458088207,,
15.000000013969839,0.8059128541995648,0.0003400479681307904,0.07696902001291112,0.009714174984,235.832042854472,,
15.040000014007092,0.8083433816475671,0.0003436398557313952,0.08979719001512078,0.010275897961,235.669754050765,,
15.080000014044344,0.8064162561166504,0.00034671861653191166,0.07696902001291112,0.008557086788,248.141526990626,,
15.120000014081597,0.8096236023994319,0.00035043878583253946,0.09300423251569488,0.008587775435,246.27158700049,,
15.16000001411885,0.8132977469305267,0.0003535175466330559,0.07696902001291112,0.008556164967,244.715367398628,,
15.200000014156103,0.8116327537463299,0.00035710943423366073,0.08979719001512078,0.008657490754,241.6921015545,,
15.240000014193356,0.8100865292486121,0.00036082960353428506,0.09300423251560815,0.008682591617,240.505658168973,,
15.280000014230609,0.8095310474015247,0.000363908364334805,0.07696902001299785,0.008895133616,238.111639863688,,
15.320000014267862,0.8087669121101304,0.00036750025193540634,0.08979719001503404,0.008781739007,238.931286162251,,
15.360000014305115,0.8128453090654549,0.00037122042123603413,0.09300423251569488,0.008473835683,242.42382243427,,
15.400000014342368,0.8101729102528666,0.00037494059053665846,0.09300423251560815,0.008217843926,246.901479874418,,
15.44000001437962,0.813353525322958,0.0003778910696371554,0.07376197751242375,0.008539665067,243.715028275566,,
15.480000014416873,0.8140986918601304,0.0003816112389377832,0.09300423251569488,0.008536961149,245.174473310481,,
15.520000014454126,0.8126408040778779,0.00038533140823840753,0.09300423251560815,0.008785507523,247.964934601822,,
15.56000001449138,0.8137445217463117,0.00038892329583901236,0.08979719001512078,0.00880156808,251.614343201276,,
15.600000014528632,0.8136948558615842,0.0003926434651396367,0.09300423251560815,0.008228439656,252.213476789944,,
15.640000014565885,0.8092227386591984,0.0003963636344402645,0.09300423251569488,0.008545257902,257.747569388006,,
15.680000014603138,0.8102347643995902,0.0003999555220408693,0.08979719001512078,0.006963543036,289.446786910529,,
15.72000001464039,0.8066067405099161,0.00040367569134149364,0.09300423251560815,0.006855914503,284.780969562396,,
15.760000014677644,0.80964827626657,0.0004072675789420985,0.08979719001512078,0.007851567656,271.160297128416,,
15.800000014714897,0.810908640776966,0.00041098774824272627,0.09300423251569488,0.007570520245,273.221645862048,,
15.84000001475215,0.806920287312395,0.0004147079175433506,0.09300423251560815,0.007922596469,285.009178432181,,
15.880000014789402,0.8086582803126521,0.00041829980514395543,0.08979719001512078,0.00727906894,284.264706775296,,
15.920000014826655,0.8087695478926746,0.0004226613829446911,0.10903944501839193,0.007369990673,285.453499831336,,
15.960000014863908,0.8078253274353945,0.00042625327054529594,0.08979719001512078,0.006881282787,297.098232754252,,
16.00000001490116,0.803486377172783,0.00042997343984592026,0.09300423251560815,0.006484478713,303.150223210187,,
16.040000014938414,0.804521898665977,0.0004335653274465251,0.08979719001512078,0.006856278537,309.58379905967,,
16.080000014975667,0.8025123396364869,0.00043792690524726077,0.10903944501839193,0.006534338393,316.761285381083,,
16.12000001501292,0.801032171831971,0.0004415187928478656,0.08979719001512078,0.00637116362,323.545973328757,,
16.160000015050173,0.7999125614540946,0.00044523896214848993,0.09300423251560815,0.005813117353,339.659801164085,,
16.200000015087426,0.7989859015251074,0.0004494722582491992,0.10583240251773109,0.005929910206,338.457225951123,,
16.24000001512468,0.793756361906519,0.00045319242754982697,0.09300423251569488,0.005825768615,345.098826880029,,
16.28000001516193,0.794488409049058,0.0004574257236505397,0.10583240251781782,0.005502805312,362.353908385438,,
16.320000015199184,0.7875921140513406,0.000461145892951164,0.09300423251560815,0.005626205005,359.50241494,,
16.360000015236437,0.788138922878211,0.0004648660622517918,0.09300423251569488,0.005310800184,375.837177610304,,
16.40000001527369,0.7837434123062039,0.0004690993583525045,0.10583240251781782,0.005900072439,372.048536148696,,
16.440000015310943,0.7839190773994175,0.00047281952765312885,0.09300423251560815,0.0051232969,390.464644243178,,
16.480000015348196,0.7776717953546103,0.00047705282375384156,0.10583240251781782,0.00524391736,384.391409774504,,
16.52000001538545,0.777071742398736,0.0004812861198545508,0.10583240251773109,0.004950846591,398.60361408825,,
16.560000015422702,0.7735291023097701,0.0004850062891551786,0.09300423251569488,0.005523546167,395.808984562809,,
16.600000015459955,0.7712035543154873,0.0004892395852558913,0.10583240251781782,0.004844074386,400.7845205637,,
16.640000015497208,0.7645289302419737,0.000493601163056627,0.10903944501839193,0.004721621511,419.071682369127,,
16.68000001553446,0.763124514966959,0.0004971930506572284,0.08979719001503404,0.004750022155,415.067662291805,,
16.720000015571713,0.7613210306970367,0.000501554628457964,0.10903944501839193,0.004763934104,418.992786264244,,
16.760000015608966,0.7593860048953505,0.0005057879245586767,0.10583240251781782,0.004930690413,402.264981040035,,
16.80000001564622,0.7560066320152542,0.000510021220659386,0.10583240251773109,0.00494028282,391.688584556877,,
16.840000015683472,0.7518030470718522,0.0005137413899600138,0.09300423251569488,0.005001708952,387.863616909981,,
16.880000015720725,0.7463920806269488,0.0005179746860607265,0.10583240251781782,0.0043271305,388.468352944013,,
16.920000015757978,0.7432055425529339,0.0005223362638614622,0.10903944501839193,0.004315769243,381.003217022292,,
16.96000001579523,0.7417783481119634,0.0005265695599621749,0.10583240251781782,0.004392524409,371.371835429258,,
17.000000015832484,0.7372231141247026,0.0005309311377629071,0.10903944501830519,0.00433009255,396.627298164238,,
17.040000015869737,0.7351457659645835,0.0005351644338636163,0.10583240251773109,0.004356412663,375.950789565489,,
17.08000001590699,0.7302533422783932,0.0005388846031642441,0.09300423251569488,0.004339789095,372.202006277177,,
17.120000015944242,0.72928771491953,0.0005437593077650647,0.12186761502051487,0.004831927951,387.960991326012,,
17.160000015981495,0.7259789653699171,0.0005479926038657774,0.10583240251781782,0.004058649849,358.753701884789,,
17.20000001601875,0.720731938614936,0.0005522258999664902,0.10583240251781782,0.004199477308,353.14901665748,,
17.240000016056,0.7194250850625317,0.0005565874777672224,0.10903944501830519,0.004119075951,355.833195997624,,
17.280000016093254,0.7174179323498615,0.0005608207738679351,0.10583240251781782,0.004194755323,358.648873681283,,
17.320000016130507,0.7129463149940518,0.0005651823516686708,0.10903944501839193,0.00414129147,367.349208797043,,
17.36000001616776,0.712021809575976,0.0005694156477693835,0.10583240251781782,0.004007440762,380.395497776355,,
17.400000016205013,0.7051425729085132,0.0005742903523702006,0.12186761502042813,0.003924587411,389.065745240471,,
17.440000016242266,0.7051975239977609,0.0005786519301709363,0.10903944501839193,0.003686607354,404.509927840665,,
17.48000001627952,0.703178895594021,0.000582885226271649,0.10583240251781782,0.003505195703,411.339446107025,,
17.52000001631677,0.6981952460890054,0.0005871185223723617,0.10583240251781782,0.003353224215,427.295671935669,,
17.560000016354024,0.6961003257872952,0.0005919932269731788,0.12186761502042813,0.00361510737,459.431390001964,,
17.600000016391277,0.6959068733448821,0.0005963548047739145,0.10903944501839193,0.003322084836,427.049382288007,,
17.64000001642853,0.691130248616105,0.0006012295093747351,0.12186761502051487,0.003186945861,437.887381097085,,
17.680000016465783,0.6885072274757836,0.0006054628054754478,0.10583240251781782,0.003125097776,450.322946555422,,
17.720000016503036,0.686250930084838,0.0006103375100762649,0.12186761502042813,0.003078137504,455.456875560967,,
17.76000001654029,0.6850334424111368,0.0006146990878770006,0.10903944501839193,0.003015538042,473.762265386044,,
17.800000016577542,0.6851736324281719,0.0006195737924778212,0.12186761502051487,0.003444237289,519.795465210809,,
17.840000016614795,0.6818911204808692,0.0006238070885785305,0.10583240251773109,0.003210582827,528.420456062504,,
17.880000016652048,0.684274089614411,0.000628810074879374,0.12507465752108898,0.002830029398,554.188297658171,,
17.9200000166893,0.6793014148185184,0.0006330433709800867,0.10583240251781782,0.003109511043,549.081104281248,,
17.960000016726553,0.6794038453101314,0.0006379180755809039,0.12186761502042813,0.003085066936,589.423096065996,,
18.000000016763806,0.678260925005533,0.0006427927801817279,0.1218676150206016,0.002899658011,615.561494336219,,
18.04000001680106,0.6799145808823429,0.0006476674847825485,0.12186761502051487,0.002773135232,654.726850151493,,
18.080000016838312,0.6762252488128634,0.0006520290625832807,0.10903944501830519,0.002883139911,623.178929601264,,
18.120000016875565,0.6766268409646261,0.0006569037671841013,0.12186761502051487,0.002885313724,621.348909603486,,
18.160000016912818,0.6782048180031832,0.0006617784717849219,0.12186761502051487,0.002888922088,618.437488689271,,
18.20000001695007,0.6750933125902184,0.000666653176385739,0.12186761502042813,0.003134723875,694.468720533269,,
18.240000016987324,0.677919989881399,0.0006715278809865631,0.1218676150206016,0.003034886412,602.868317003731,,
18.280000017024577,0.6772259209981539,0.0006764025855873837,0.12186761502051487,0.003139313244,668.284971052979,,
18.32000001706183,0.6759347874711626,0.0006814055718882238,0.12507465752100225,0.002693591377,608.540989016941,,
18.360000017099082,0.6766299405560741,0.0006862802764890444,0.12186761502051487,0.002812197923,580.067812038965,,
18.400000017136335,0.6778644541627198,0.000691154981089865,0.12186761502051487,0.002828958971,576.535030414653,,
18.44000001717359,0.681186504338354,0.0006960296856906821,0.12186761502042813,0.00280526097,605.188493629808,,
18.48000001721084,0.6817337807764052,0.0007009043902915062,0.1218676150206016,0.002746344801,646.306563170728,,
18.520000017248094,0.6845320753470375,0.0007057790948923233,0.12186761502042813,0.003223824577,592.304012783765,,
18.560000017285347,0.6849156115401964,0.0007106537994931439,0.12186761502051487,0.003077366549,599.171817552845,,
18.6000000173226,0.6881650743953216,0.0007161699125940724,0.13790282752321192,0.002850774865,614.639746913298,,
18.640000017359853,0.6883072659294449,0.0007211728988949125,0.12507465752100225,0.003399710088,667.68327677928,,
18.680000017397106,0.6873442867298933,0.0007260476034957365,0.1218676150206016,0.003124709651,667.539810816251,,
18.72000001743436,0.6917432767895544,0.0007309223080965536,0.12186761502042813,0.002901816416,718.913679365247,,
18.76000001747161,0.6942224552819282,0.0007364384211974821,0.13790282752321192,0.003377867003,733.236125626855,,
18.800000017508864,0.6973901517667405,0.0007413131257983027,0.12186761502051487,0.003106350379,726.430004312811,,
18.840000017546117,0.6953279678670047,0.0007468292388992312,0.13790282752321192,0.002978531718,745.076501356067,,
18.88000001758337,0.6984476081778476,0.0007517039435000518,0.12186761502051487,0.002814597169,761.204498694108,,
18.920000017620623,0.6994994665721344,0.0007565786481008724,0.12186761502051487,0.003350146605,813.975145912605,,
18.960000017657876,0.700389369069418,0.0007620947612018009,0.13790282752321192,0.003142785179,805.001584492913,,
19.00000001769513,0.7005721696359477,0.000766969465802618,0.12186761502042813,0.003079301141,821.644732402578,,
19.040000017732382,0.706439259036331,0.0007724855789035499,0.13790282752329866,0.002957195032,850.427407749127,,
19.080000017769635,0.70808007112354,0.0007773602835043671,0.12186761502042813,0.002956073331,879.228058252594,,
19.120000017806888,0.7063320705347533,0.0007828763966052955,0.13790282752321192,0.002794467599,832.355813206233,,
19.16000001784414,0.7089143714078416,0.000788392509706224,0.13790282752321192,0.002792701808,839.242181048842,,
19.200000017881393,0.7074931786662733,0.0007932672143070446,0.12186761502051487,0.002791384582,844.694256235246,,
19.240000017918646,0.7125634857922611,0.0007987833274079696,0.1379028275231252,0.003305903009,875.460825179332,,
19.2800000179559,0.7120162885054471,0.0008042994405089016,0.13790282752329866,0.003150734243,863.191719385178,,
19.320000017993152,0.7123662272665245,0.0008098155536098266,0.1379028275231252,0.003090952184,867.001070062543,,
19.360000018030405,0.7153654623818242,0.0008146902582106506,0.1218676150206016,0.003063433177,865.639736151134,,
19.400000018067658,0.7194274215068197,0.0008208477798116835,0.15393804002582223,0.003065005913,862.634138874378,,
19.44000001810491,0.7180372637985702,0.0008257224844125041,0.12186761502051487,0.003065523178,861.268092339786,,
19.480000018142164,0.7186105124921046,0.0008312385975134326,0.13790282752321192,0.00306581556,859.945045800868,,
19.520000018179417,0.7192665261859309,0.0008367547106143611,0.13790282752321192,0.003065467772,859.322494619346,,
19.56000001821667,0.7201328188423538,0.0008422708237152896,0.13790282752321192,0.003007419557,855.194721549451,,
19.600000018253922,0.7227721593153977,0.000847786936816218,0.13790282752321192,0.003037782258,853.609950463765,,
19.640000018291175,0.7218476856468327,0.0008533030499171465,0.13790282752321192,0.00300699167,852.360971250215,,
19.68000001832843,0.7213641562373019,0.0008586908813180485,0.13469578502255108,0.002943701556,852.92384236595,,
19.72000001836568,0.7235756377239041,0.0008642069944189805,0.13790282752329866,0.002943004557,852.989256078257,,
19.760000018402934,0.7226241001306892,0.0008703645160200134,0.15393804002582223,0.00294103327,854.617860600092,,
19.800000018440187,0.7225552144893381,0.0008758806291209453,0.13790282752329866,0.002905584852,859.402048708722,,
19.84000001847744,0.7219062228675309,0.0008813967422218703,0.1379028275231252,0.002838016111,865.912158736443,,
19.880000018514693,0.7256908736738062,0.0008869128553228023,0.13790282752329866,0.002770460725,868.898779467453,,
19.920000018551946,0.725337038703959,0.0008924289684237273,0.1379028275231252,0.002766264931,876.683270355411,,
19.9600000185892,0.7258771878655222,0.0008984582083247407,0.15073099752533486,0.002761004057,881.335943759096,0.0106113702,349.205059360888
20.00000001862645,0.7236594723787609,0.0009039743214256726,0.13790282752329866,0.003236629394,931.519197360864,0.010491426865,350.89018749496
20.040000018663704,0.7290961412440133,0.0009094904345265976,0.1379028275231252,0.003104356769,928.654393874014,0.010436672005,350.803077381639
20.080000018700957,0.7263916046110935,0.000915647956127634,0.15393804002590897,0.003043679407,950.039898244921,0.010246073957,354.924174995965
20.12000001873821,0.7272643109319732,0.0009211640692285625,0.13790282752321192,0.003037982297,991.424291139735,0.010196840275,354.2630712218
20.160000018775463,0.7267825295451089,0.0009271933091295759,0.15073099752533486,0.003002339635,997.37856835435,0.011488144098,334.464094400248
20.200000018812716,0.7274056791067899,0.0009327094222305078,0.13790282752329866,0.002968938843,915.945580676626,0.011190529655,335.898994411419
20.24000001884997,0.7256618122235596,0.0009388669438315407,0.15393804002582223,0.002873307586,921.040798333333,0.011076771992,335.81970126805
20.280000018887222,0.7289238248864037,0.0009443830569324692,0.13790282752321192,0.002867504045,926.873685379438,0.010761754678,339.14694492186
20.320000018924475,0.7290257153169697,0.0009498991700333977,0.13790282752321192,0.002862262202,931.568449514301,0.010640051295,339.947131894603
20.360000018961728,0.7287679864145574,0.000956056691634434,0.15393804002590897,0.002856068033,937.289421586443,0.010320814794,344.122891814228
20.40000001899898,0.7283010603398856,0.0009620859315354474,0.15073099752533486,0.002850092771,942.832883947407,0.010267052371,343.561324034434
20.440000019036233,0.7285751122405892,0.0009676020446363759,0.13790282752321192,0.002846285883,944.24808967836,0.010072285051,346.979400595762
20.480000019073486,0.7245045988649069,0.0009737595662374122,0.15393804002590897,0.002840396462,946.883453195964,0.009875690915,350.889702865492
20.52000001911074,0.7302117934200488,0.0009792756793383407,0.13790282752321192,0.002838857943,943.650315523558,0.009817369018,350.625963048111
20.560000019147992,0.7282468875640167,0.0009853049192393541,0.15073099752533486,0.002836087773,940.980793131752,0.009691023165,352.689528364235
20.600000019185245,0.7221275688357056,0.0009914624408403905,0.15393804002590897,0.002829525537,942.854351389438,0.009497605471,357.286658439869
20.640000019222498,0.7268380085666588,0.000996978553941319,0.13790282752321192,0.002825544055,940.578775125843,0.010830976699,340.702618652721
20.68000001925975,0.727394073055616,0.0010031360755423553,0.15393804002590897,0.002822179004,935.591875755678,0.010551169079,340.319718447825
20.720000019297004,0.7251688632633274,0.0010091653154433687,0.15073099752533486,0.002816915808,931.855322671701,0.010310167832,341.653782068951
20.760000019334257,0.723690594798607,0.0010153228370444016,0.15393804002582223,0.0028102813,929.046829441997,0.010002454547,344.776549377389
20.80000001937151,0.7243027162708128,0.0010208389501453335,0.13790282752329866,0.002802265005,926.952096183874,0.009617293421,351.210410616706
20.840000019408762,0.7233345364899664,0.0010276378802464778,0.16997325252860598,0.002792815804,926.179676517345,0.009429858503,353.906045507037
20.880000019446015,0.7251658240191681,0.0010330257116473833,0.13469578502263782,0.002782075759,926.995103150431,0.009313235791,346.051329804091
20.92000001948327,0.721787520364896,0.0010391832332484197,0.15393804002590897,0.002767852383,931.911330155237,0.009181184919,349.012243389815
20.96000001952052,0.7228726794536577,0.001045340754849456,0.15393804002590897,0.0027487516,944.320560003365,0.00899001088,353.557614157827
21.000000019557774,0.723148423903021,0.0010513699947504694,0.15073099752533486,0.002643492491,953.823178163295,0.009949514962,338.41828596682
21.040000019595027,0.7230191798419863,0.0010575275163515058,0.15393804002590897,0.002561022486,972.911474221523,0.009820251986,339.683375384003
21.08000001963228,0.7235410026715599,0.0010636850379525421,0.15393804002590897,0.002994791163,1021.97360588438,0.009510279864,343.260638720765
21.120000019669533,0.7177703760804216,0.0010698425595535785,0.15393804002590897,0.002791300796,1031.279444722192,0.009141207931,348.506174348093
21.160000019706786,0.7188363710473287,0.0010758717994545919,0.15073099752533486,0.002679876711,1057.330273367279,0.008881246585,354.60111779042
21.20000001974404,0.7182878559417541,0.0010820293210556282,0.15393804002590897,0.002591077469,1089.12423246371,0.008747629184,357.96681506507
21.24000001978129,0.7165677991449998,0.0010881868426566646,0.15393804002590897,0.002474505206,1124.357917084032,0.008492748788,365.343883770424
21.280000019818544,0.7161158440059414,0.001094216082557678,0.15073099752533486,0.002839709519,1200.545032125349,0.009410301809,353.082448694626
21.320000019855797,0.7124532707517623,0.0011010150126588222,0.16997325252860598,0.002667545467,1215.521651809326,0.009175493068,354.98102347528
21.36000001989305,0.7153929482025337,0.001107044252559839,0.1507309975254216,0.002554336131,1262.691726073723,0.008814869671,359.867148422243
21.400000019930303,0.7154933005829971,0.001113201774160872,0.15393804002582223,0.002414685085,1303.278655214604,0.008619492914,364.209883976167
21.440000019967556,0.709315229120809,0.0011193592957619083,0.15393804002590897,0.002378424459,1248.658056115429,0.008307855061,371.852153160609
21.48000002000481,0.7119111141306494,0.0011253885356629252,0.1507309975254216,0.002264409845,1246.884113205582,0.009446987852,371.596826769963
21.520000020042062,0.7070234391566281,0.001131546057263958,0.15393804002582223,0.002171402383,1250.653435136819,0.008878977508,371.321913895195
21.560000020079315,0.7101257780428043,0.0011383449873651023,0.16997325252860598,0.002565565937,1349.155806440324,0.008172072028,373.307364974743
21.600000020116568,0.7073168993579785,0.0011443742272661157,0.15073099752533486,0.002396433506,1322.270215120513,0.008033215518,378.656258779893
21.64000002015382,0.7035710475464579,0.001150531748867152,0.15393804002590897,0.0023129353,1316.769741379283,0.007898191389,383.788578910729
21.680000020191073,0.7046589033069239,0.0011572023972682768,0.16676621002811864,0.002226466484,1306.806989286477,0.009061768934,383.070431063563
21.720000020228326,0.7007161318905327,0.0011633599188693132,0.15393804002590897,0.002133921078,1297.872548237954,0.008564852836,381.344718331713
21.76000002026558,0.6981205237010829,0.001169517440470346,0.15393804002582223,0.002094036224,1304.374815388884,0.008229699611,385.01133911245
21.800000020302832,0.6974595267096565,0.0011761880888714674,0.1667662100280319,0.001989285626,1306.548297198095,0.008150868674,388.845591501132
21.840000020340085,0.6947656346433498,0.0011823456104725072,0.1539380400259957,0.00209818221,1353.534273385435,0.007812420536,394.114262895985
21.880000020377338,0.6956553163697727,0.0011885031320735436,0.15393804002590897,0.00209355673,1355.82450880746,0.007627590997,399.771482073176
21.92000002041459,0.6898709712742923,0.0011951737804746648,0.1667662100280319,0.00205822046,1359.623100522066,0.007446108103,405.496670915704
21.960000020451844,0.6918502050218069,0.001201844428875786,0.1667662100280319,0.002049791734,1373.575284316354,0.00731899526,410.485475835496
22.000000020489097,0.6854543260841391,0.0012080019504768225,0.15393804002590897,0.002046180498,1383.4412217405,0.008132495303,405.852504132502
22.04000002052635,0.6855101074056368,0.0012148008805779632,0.16997325252851925,0.002010310626,1393.889829324658,0.007914644718,408.530486669612
22.080000020563602,0.6832303854887224,0.00122083012047898,0.1507309975254216,0.002008056807,1476.813814282191,0.007893153421,411.449039917736
22.120000020600855,0.6818477707933894,0.0012276290505801243,0.16997325252860598,0.002006513787,1456.484437850837,0.007684170681,412.605557339388
22.16000002063811,0.675709271354702,0.0012342996989812456,0.1667662100280319,0.002012090447,1429.086616080803,0.007525117512,413.638832164646
22.20000002067536,0.6745057559110955,0.001240457220582282,0.15393804002590897,0.002017941884,1420.362774924424,0.007565629443,413.982143540185
22.240000020712614,0.6705813909303959,0.0012471278689834032,0.1667662100280319,0.001929499451,1431.207123059813,0.007663590047,411.589500223221
22.280000020749867,0.6682892829906598,0.0012539267990845475,0.16997325252860598,0.001942513892,1399.463058962621,0.007713602267,408.959731049734
22.32000002078712,0.6655311629235052,0.0012599560389855644,0.1507309975254216,0.002088373916,1373.869966944828,0.006879160622,409.837680807603
22.360000020824373,0.6641728261183694,0.0012667549690867086,0.16997325252860598,0.001909386731,1343.475659318082,0.006839501095,407.884991223909
22.400000020861626,0.6634747749418642,0.0012734256174878299,0.1667662100280319,0.00192582717,1323.763593247418,0.006798565327,404.708331291375
22.44000002089888,0.6581998713116266,0.0012795831390888662,0.15393804002590897,0.001912214248,1298.964538116003,0.006866055235,398.109696285617
22.48000002093613,0.6574235082323143,0.001286382069190007,0.16997325252851925,0.001932620849,1285.87854696135,0.006927256814,392.560768375033
22.520000020973384,0.6558315792929643,0.0012930527175911317,0.16676621002811864,0.001955886576,1263.613537809567,0.006889056534,389.052970071815
22.560000021010637,0.6513179885762613,0.0012997233659922565,0.16676621002811864,0.002021779221,1225.382404573143,0.006909291401,381.840078249461
22.60000002104789,0.6496817290772233,0.0013065222960934007,0.16997325252860598,0.00194259613,1206.613985223926,0.007064925603,377.61093333667
22.640000021085143,0.647255001496911,0.001313192944494522,0.1667662100280319,0.001935109205,1188.856351186028,0.007260101705,374.725654217388
22.680000021122396,0.6455903396292174,0.0013199918745956662,0.16997325252860598,0.001924356304,1181.238999683103,0.007514604126,377.603864575856
22.72000002115965,0.6424493992431564,0.0013266625229967875,0.1667662100280319,0.001952701577,1169.755559673558,0.00652504594,366.452223024689
22.760000021196902,0.6435412772956605,0.0013334614530979318,0.16997325252860598,0.001978244528,1164.989997487968,0.006492359472,361.990843041796
22.800000021234155,0.6384594536063358,0.0013394906929989452,0.15073099752533486,0.00193023047,1170.839982988578,0.006461933323,357.491656154751
22.840000021271408,0.6413407717396079,0.0013462896231000894,0.16997325252860598,0.001954081457,1171.210161186279,0.006862062936,356.059156788894
22.88000002130866,0.6409781737189822,0.0013536016800013186,0.18280142253072892,0.001902757407,1196.899102236499,0.007007736887,350.152163751506
22.920000021345913,0.6395599708911788,0.0013604006101024663,0.16997325252869272,0.001886798755,1225.336644357979,0.006975387647,345.669648714929
22.960000021383166,0.6368148202388221,0.0013670712585035875,0.1667662100280319,0.001909102047,1231.758967550028,0.006986282298,342.747433791397
23.00000002142042,0.636564845045694,0.0013732287801046204,0.15393804002582223,0.001892654145,1278.408970170147,0.007305762039,350.1508943871
23.040000021457672,0.6353357246868879,0.0013798994285057452,0.16676621002811864,0.00184925446,1376.913946750674,0.006262755252,335.568375186142
23.080000021494925,0.636003441530444,0.001386698358606886,0.16997325252851925,0.001869122538,1384.625791663452,0.006987752427,339.573200141312
23.120000021532178,0.6368923892313816,0.0013933690070080107,0.16676621002811864,0.001854657445,1451.313664170519,0.006565703898,328.276159912239
23.16000002156943,0.6334341757759685,0.001400039655409132,0.1667662100280319,0.001868377253,1420.515877537741,0.006336107632,328.904168569326
23.200000021606684,0.635972254967953,0.0014068385855102762,0.16997325252860598,0.00187751551,1424.666851781405,0.006749507542,327.579225647431
23.240000021643937,0.6367977154512365,0.001413509233911401,0.16676621002811864,0.001876776261,1423.724338853712,0.006479934,327.34797921248
23.28000002168119,0.6330799642836982,0.0014203081640125452,0.16997325252860598,0.001859721521,1405.241053439703,0.006134880153,320.736140152459
23.320000021718442,0.6348023020821755,0.0014269788124136665,0.1667662100280319,0.001879138629,1407.261617686002,0.006700790133,328.314505892344
23.360000021755695,0.6373745833000882,0.0014337777425148107,0.16997325252860598,0.001857095752,1397.835790712384,0.006054488001,318.53324023328
23.40000002179295,0.6363278083973559,0.001440448390915932,0.1667662100280319,0.001879162132,1403.768576892803,0.006060332847,317.761452634059
23.4400000218302,0.6356844871341234,0.0014472473210170762,0.16997325252860598,0.001877836034,1412.712967333796,0.006147506283,321.002118268905
23.480000021867454,0.6349669434762848,0.0014539179694181975,0.1667662100280319,0.001875475768,1423.691769686975,0.006233956964,321.7640822729
23.520000021904707,0.6370374607246329,0.0014607168995193417,0.16997325252860598,0.001881524776,1443.038764016611,0.006179907116,327.304556002612
23.56000002194196,0.6336216307523959,0.0014673875479204665,0.16676621002811864,0.001752434386,1401.587541376429,0.006308424634,325.165242993061
23.600000021979213,0.6372315088333186,0.0014735450695214994,0.15393804002582223,0.001677325365,1430.792636903529,0.006386238489,326.61979523374
23.640000022016466,0.637146360709288,0.0014802157179226241,0.16676621002811864,0.001908318663,1503.545348121765,0.006330345276,333.089182306094
23.68000002205372,0.6380568091286739,0.0014857318310235491,0.1379028275231252,0.00178345518,1402.112766266818,0.006194594147,337.66639512714
23.72000002209097,0.640951332383732,0.0014924024794246704,0.1667662100280319,0.00170971827,1430.429661317344,0.005968068581,320.518465034924
23.760000022128224,0.6350879518863113,0.0014985600010257102,0.1539380400259957,0.002009110829,1603.513302780244,0.005612491156,326.673051010447
23.800000022165477,0.6403184682754411,0.0015047175226267431,0.15393804002582223,0.001950715462,1605.16502763762,0.005655282388,326.825320994219
23.84000002220273,0.6404081656695219,0.0015113881710278679,0.16676621002811864,0.001931638251,1632.45030855755,0.006099227576,332.393239413367
23.880000022239983,0.6396365167450375,0.0015175456926289008,0.15393804002582223,0.00190732324,1641.015158526804,0.00555104455,335.640828125407
23.920000022277236,0.6411054255476573,0.0015237032142299406,0.1539380400259957,0.001881597281,1656.169502588249,0.006243476773,348.958624310772
23.96000002231449,0.6433478139640088,0.0015303738626310619,0.1667662100280319,0.001893752008,1663.62242380772,0.005446950474,345.922238128605
24.000000022351742,0.6400061035659975,0.0015371727927322061,0.16997325252860598,0.00190917629,1680.923059559659,0.005615542354,345.598602694084
24.040000022388995,0.6424946241348359,0.0015432020326332195,0.15073099752533486,0.001961399644,1694.286258916394,0.005372116077,340.733100078667
24.080000022426248,0.6451227621151653,0.0015500009627343637,0.16997325252860598,0.002024304568,1698.344973672534,0.005366278089,343.72098252125
24.1200000224635,0.6438721569690908,0.0015555170758352922,0.13790282752321192,0.002052144147,1697.988031037899,0.00539974895,348.64803987421
24.160000022500753,0.6481916956884282,0.0015621877242364135,0.1667662100280319,0.002067747728,1677.722409301656,0.005389123729,353.40602208855
24.200000022538006,0.64638197182327,0.0015683452458374499,0.15393804002590897,0.002105436726,1671.843236742158,0.005454145612,360.72344134684
24.24000002257526,0.651069391688495,0.0015743744857384633,0.15073099752533486,0.00177044697,1541.106198524556,0.005479034883,366.511205778473
24.280000022612512,0.6489871803640503,0.0015805320073394996,0.15393804002590897,0.001835616733,1531.388428277749,0.005466473133,371.840584669394
24.320000022649765,0.6525898475572968,0.001586689528940536,0.15393804002590897,0.001880280484,1509.479122959443,0.004913448216,371.81245838846
24.360000022687018,0.6521420739848547,0.0015927187688415494,0.15073099752533486,0.001856916066,1510.393688482487,0.004914159881,372.424825684484
24.40000002272427,0.6525618605913033,0.0015995176989426936,0.16997325252860598,0.001899944598,1502.518188983335,0.004872912712,374.354891746693
24.440000022761524,0.6500580984829352,0.0016056752205437334,0.1539380400259957,0.001801751732,1529.475408540222,0.004905533875,380.260362543156
24.480000022798777,0.6539185532637157,0.0016117044604447434,0.15073099752524813,0.002183920352,1665.242981310143,0.005048140322,387.447206636367
24.52000002283603,0.6555628218032584,0.0016185033905458876,0.16997325252860598,0.002215602489,1659.143333393686,0.005009940043,387.037280094509
24.560000022873282,0.654371711754304,0.0016251740389470089,0.1667662100280319,0.002201216272,1640.741141456644,0.004973376602,385.151693559478
24.600000022910535,0.6558622784595828,0.0016319729690481531,0.16997325252860598,0.00220794121,1631.190937465116,0.005068444393,391.529728022511
24.64000002294779,0.6550108945101115,0.001637489082149085,0.13790282752329866,0.002190502112,1648.690987155178,0.005029938684,391.027720714709
24.68000002298504,0.655303619086785,0.0016435183220500985,0.15073099752533486,0.002210019937,1689.114453024524,0.005023995937,392.234112550799
24.720000023022294,0.6549706601782763,0.0016490344351510235,0.1379028275231252,0.002229087392,1685.586373614965,0.005045171069,398.764342313873
24.760000023059547,0.6562845682478244,0.0016558333652521712,0.16997325252869272,0.002210639203,1507.077454349614,0.005134079628,403.197023589175
24.8000000230968,0.656053521356993,0.0016618626051531846,0.15073099752533486,0.002202562787,1503.725452672765,0.005173862849,414.235589605337
24.840000023134053,0.6544748989737313,0.0016673787182541096,0.1379028275231252,0.002195680345,1501.34169588086,0.005107854119,411.548583579538
24.880000023171306,0.6541395297238185,0.0016741776483552538,0.16997325252860598,0.002110148179,1470.011908789351,0.005039723459,409.606285220464
24.92000002320856,0.6528066274279537,0.0016790523529560744,0.12186761502051487,0.001994892575,1325.598109023859,0.00497141558,408.870481545101
24.96000002324581,0.6543422250538968,0.0016845684660570064,0.13790282752329866,0.001982376591,1325.493478660574,0.004811382826,403.650162700345
25.000000023283064,0.6551101019207138,0.0016900845791579314,0.1379028275231252,0.001987917681,1325.941486301497,0.004772247635,404.838507301955
25.040000023320317,0.6543252692694438,0.0016961138190589448,0.15073099752533486,0.002010421383,1330.330658837548,0.004666000607,406.488252319389
25.08000002335757,0.6503008852001274,0.0017022713406599811,0.15393804002590897,0.001940050398,1338.141466215338,0.004590296537,409.996890573998
25.120000023394823,0.6534242430743886,0.001708428862261021,0.1539380400259957,0.001964426095,1338.293802336704,0.004483133749,411.183646229405
25.160000023432076,0.6516583408887104,0.0017144581021620343,0.15073099752533486,0.002024938511,1339.809254186143,0.004371800739,414.947371159544
25.20000002346933,0.649858593069241,0.0017206156237630672,0.15393804002582223,0.00204765259,1343.576735010527,0.004255254694,420.804030111542
25.240000023506582,0.6494324030658808,0.001726773145364107,0.1539380400259957,0.002035127173,1344.314306441087,0.004166827984,430.636802446614
25.280000023543835,0.648626984983086,0.0017328023852651205,0.15073099752533486,0.002057450113,1348.123947010349,0.004046711873,440.610015262257
25.320000023581088,0.6479889544363322,0.0017383184983660455,0.1379028275231252,0.002063576939,1345.377234580027,0.00398579848,458.120443572239
25.36000002361834,0.6496777157075402,0.0017438346114669774,0.13790282752329866,0.00206805116,1343.176249953033,0.003922547651,481.248684155017
25.400000023655593,0.650389612809178,0.0017499921330680103,0.15393804002582223,0.00207249162,1339.19289131362,0.004193753825,497.942597651177
25.440000023692846,0.6499402601888599,0.0017561496546690467,0.15393804002590897,0.002075044709,1338.648574780261,0.00419716434,525.255813798227
25.4800000237301,0.6482423650975878,0.0017621788945700635,0.1507309975254216,0.002074850573,1347.545121148894,0.004094001905,546.110150767203
25.520000023767352,0.651576385359975,0.0017683364161710964,0.15393804002582223,0.002073371846,1356.609206743857,0.004045030556,577.178745663101
25.560000023804605,0.6501546230948064,0.0017738525292720249,0.13790282752321192,0.001998397479,1385.685405327944,0.003997603773,612.265221976701
25.600000023841858,0.6522841191441838,0.0017800100508730647,0.1539380400259957,0.00195304324,1424.46691166419,0.00383873921,607.186133008056
25.64000002387911,0.6490294743162291,0.0017860392907740781,0.15073099752533486,0.002355442457,1562.662793890065,0.003817266944,636.26514759663
25.680000023916364,0.6495187737498357,0.0017915554038750031,0.1379028275231252,0.002296384738,1593.823573744961,0.003908410026,675.408745859547
25.720000023953617,0.6485460669146812,0.001797712925476043,0.1539380400259957,0.002193883936,1496.594312582185,0.003900982881,674.993468859695
25.76000002399087,0.6482791080630355,0.0018038704470770758,0.15393804002582223,0.002086791376,1524.737974656923,0.00386163325,681.856895612518
25.800000024028122,0.6480905169143413,0.0018098996869780892,0.15073099752533486,0.001969262033,1566.184879291695,0.003827713059,679.689861947773
25.840000024065375,0.6497515238035156,0.0018154158000790212,0.13790282752329866,0.002286346933,1705.899461459737,0.003853661653,679.430591287659
25.88000002410263,0.6512131661575855,0.001821573321680054,0.15393804002582223,0.002205755556,1741.813688911943,0.003880788005,674.865663906211
25.92000002413988,0.6492838245879898,0.0018277308432810904,0.15393804002590897,0.002038213733,1763.093462605232,0.003853291048,678.842642034485
25.960000024177134,0.6477854406160924,0.0018337600831821073,0.1507309975254216,0.001919298488,1849.771881405944,0.003825164102,685.572196228936
26.000000024214387,0.6481410422291918,0.0018392761962830323,0.1379028275231252,0.001811805497,1944.205326050455,0.003766180495,703.027893558089
26.04000002425164,0.6519651278905091,0.0018454337178840687,0.15393804002590897,0.002146537541,2072.621082353946,0.0037638622,727.362943600854
26.080000024288893,0.6479995831995816,0.0018496670139847814,0.10583240251781782,0.002088420979,1996.252668518931,0.003612104313,672.738679527666
26.120000024326146,0.6474929203147971,0.0018496670139847814,0.0,0.001982640243,2003.330020101717,0.004132481452,713.863884639342
26.1600000243634,0.6470443146671341,0.0018496670139847814,0.0,0.001874666512,2030.725828427308,0.003896664268,713.150265809633
26.20000002440065,0.6449514243190569,0.0018496670139847814,0.0,0.001789895241,2069.332706636872,0.003809145142,726.076665910561
26.240000024437904,0.6487745066220539,0.0018496670139847814,0.0,0.001768895777,2103.58285699354,0.00374975381,738.152489197052
26.280000024475157,0.6488538149589076,0.0018496670139847814,0.0,0.001646555916,2125.758885446567,0.003661884333,747.7558036312
26.32000002451241,0.6438092967997173,0.0018496670139847814,0.0,0.001964188926,2273.201075376834,0.00360215697,759.051226100312
26.360000024549663,0.6430065750559302,0.0018496670139847814,0.0,0.001932372837,2310.875302547003,0.003606675981,765.869592301327
26.400000024586916,0.6429481798036447,0.0018496670139847814,0.0,0.001902278282,2341.818931180269,0.003612666377,769.920586250977
26.44000002462417,0.6419093084673925,0.0018496670139847814,0.0,0.001799603951,2332.531111354859,0.003619725599,774.110039662507
26.48000002466142,0.6408753977494743,0.0018496670139847814,0.0,0.001711071917,2347.771053872715,0.003625088547,779.277233432548
26.520000024698675,0.6411444877572398,0.0018496670139847814,0.0,0.001677630665,2373.456783021952,0.00363237335,784.853304941387
26.560000024735928,0.642533263426288,0.0018496670139847814,0.0,0.001609167781,2397.281556058507,0.004163687525,816.429751984808
26.60000002477318,0.6417663988062536,0.0018496670139847814,0.0,0.001519654515,2395.172565507946,0.004119418768,825.284916852046
26.640000024810433,0.6387632527558436,0.0018496670139847814,0.0,0.001860453672,2654.480882640426,0.004126773489,832.223904672423
26.680000024847686,0.6369145792113505,0.0018496670139847814,0.0,0.001801842397,2672.965059895353,0.004084178192,844.209165858996
26.72000002488494,0.6370969040616312,0.0018496670139847814,0.0,0.001762905652,2674.161589183289,0.004010381913,856.553196319066
26.760000024922192,0.6357782936014233,0.0018496670139847814,0.0,0.001711085324,2663.670499921026,0.003961475063,874.175661756074
26.800000024959445,0.6354487353085233,0.0018496670139847814,0.0,0.001577457613,2673.366682156051,0.003936373303,899.252743615189
26.840000024996698,0.6355899866203771,0.0018496670139847814,0.0,0.001522414036,2499.896890840656,0.003882605508,828.31754900826
26.88000002503395,0.6344291814563566,0.0018496670139847814,0.0,0.001443203776,2497.61729184049,0.003826627561,836.585753434535
26.920000025071204,0.6334925913995774,0.0018496670139847814,0.0,0.001780007878,2752.549567496224,0.003769142177,847.161667288604
26.960000025108457,0.6321299875972405,0.0018496670139847814,0.0,0.00172408396,2865.079480761749,0.003744533913,852.224771901046
