time (s),friction coefficient,time (ms),SEP_300,FIM_300,SEP_500,FIM_500,SEP_1000,FIM_1000
5.120752392120059e-5,0.0015349575597836933,0.05120752392120059,,,,,,
5.1262000010478467e-5,0.0025582625996394886,0.05126200001047847,,,,,,
5.147990436758996e-5,0.0025592029688244274,0.05147990436758996,,,,,,
5.1588856546145705e-5,0.0058842444222348715,0.05158885654614571,,,,,,
5.153438045686783e-5,0.009725367810613676,0.05153438045686783,,,,,,
5.169780872470145e-5,0.016887289833959818,0.05169780872470145,,,,,,
5.21880935282023e-5,0.02276853713679145,0.0521880935282023,,,,,,
5.2896282688814655e-5,0.02763487640672671,0.052896282688814654,,,,,,
5.393132838509424e-5,0.03786846811251596,0.05393132838509424,,,,,,
5.5674563241986176e-5,0.04938051639932248,0.05567456324198618,,,,,,
5.8343891616601955e-5,0.0591103459629393,0.05834389161660195,,,,,,
6.183036133038583e-5,0.07061669702701037,0.06183036133038583,,,,,,
6.635187674044929e-5,0.0849585928258924,0.06635187674044929,,,,,,
7.174500957895872e-5,0.09904115489350533,0.07174500957895871,,,,,,
7.817318811374774e-5,0.11283320068446223,0.07817318811374774,,,,,,
8.574536452337209e-5,0.12792879896197532,0.08574536452337209,,,,,,
9.41891583614424e-5,0.14154710158007036,0.0941891583614424,,,,,,
0.00010404933052073741,0.1599241160719348,0.10404933052073741,,,,,,
0.00011532588100125712,0.17553264087976414,0.11532588100125712,,,,,,
0.00012796433371372364,0.19084638993310585,0.12796433371372365,,,,,,
0.00014212811692597063,0.20677514749159295,0.14212811692597063,,,,,,
0.00015759932628088655,0.22292484316897432,0.15759932628088655,,,,,,
0.00017448691395702718,0.23877369979384594,0.17448691395702717,,,,,,
0.00019295430822222613,0.25285956307595564,0.19295430822222612,,,,,,
0.00021327388952287275,0.2689503069540583,0.21327388952287274,,,,,,
0.00023522775350185557,0.2848626122245877,0.23522775350185557,,,,,,
0.0002591972327841197,0.29824464638301623,0.2591972327841197,,,,,,
0.00028512785128038726,0.31348961190540703,0.28512785128038726,,,,,,
0.00031301960899065824,0.3275779800095267,0.3130196089906582,,,,,,
0.0003429269820042105,0.3407273669579966,0.3429269820042105,,,,,,
0.0003747954942317662,0.3530438875831097,0.3747954942317662,,,,,,
0.0004084617174054917,0.3658147266916378,0.4084617174054917,,,,,,
0.00044414355588249854,0.3786144000251282,0.44414355588249854,,,,,,
0.00048216786619845387,0.391142023708719,0.48216786619845386,,,,,,
0.000522425696174802,0.4025626897986093,0.5224256961748021,,,,,,
0.0005650259979900987,0.4103742439980848,0.5650259979900987,,,,,,
0.0006098053433765103,0.42116080820086327,0.6098053433765104,,,,,,
0.0006569271606018704,0.4320110753767338,0.6569271606018704,,,,,,
0.0007063369735769012,0.44030876267206925,0.7063369735769012,,,,,,
0.0007580892583908805,0.4479702496663993,0.7580892583908805,,,,,,
0.000812347443311642,0.45643641389274964,0.812347443311642,,,,,,
0.0008690570522499078,0.4638411956545803,0.8690570522499077,,,,,,
0.0009280546569378442,0.4705352314019016,0.9280546569378442,,,,,,
0.0009895036856432849,0.47676008727624397,0.9895036856432848,,,,,,
0.001053730994901897,0.4797109532381645,1.0537309949018971,,,,,,
0.0011205186803565693,0.4882959264517008,1.1205186803565692,,,,,,
0.0011899756941858575,0.4913318340298136,1.1899756941858575,,,,,,
0.0012621020363897614,0.4950174450133951,1.2621020363897615,,,,,,
0.0013370611352361147,0.4997196799219326,1.3370611352361146,,,,,,
0.0014142537537428607,0.503427089555231,1.4142537537428608,,,,,,
0.001494388081070612,0.5061198411046399,1.494388081070612,,,,,,
0.0015773006889515347,0.5085068798584068,1.5773006889515346,,,,,,
0.0016627191969392397,0.5110046948629166,1.6627191969392396,,,,,,
0.0017510249376586717,0.5118354119083538,1.7510249376586717,,,,,,
0.0018421634350205534,0.5136277950634259,1.8421634350205534,,,,,,
0.0019361346890248844,0.5138209158265522,1.9361346890248845,,,,,,
0.002032884223582387,0.5123427470057974,2.032884223582387,,,,,,
0.002132357562603783,0.5143538520030353,2.132357562603783,,,,,,
0.0022346091821783508,0.5135816379841082,2.234609182178351,,,,,,
0.0023398569866632016,0.5134767036246217,2.3398569866632015,,,,,,
0.002448046499969057,0.5128806960216996,2.448046499969057,,,,,,
0.002558796389470973,0.5114070531142062,2.5587963894709733,,,,,,
0.0026727058921510055,0.510037267508412,2.6727058921510056,,,,,,
0.0027897205319198765,0.5105761270956135,2.7897205319198766,,,,,,
0.0029097858326883087,0.5079046955772901,2.909785832688309,,,,,,
0.0030325749379206345,0.5087214310559732,3.0325749379206344,,,,,,
0.003158523656331077,0.5056202783489234,3.1585236563310772,,,,,,
0.0032873051313839687,0.5027314994928495,3.2873051313839685,,,,,,
0.0034190827913471436,0.5027615376983307,3.4190827913471438,,,,,,
0.0035536932079527675,0.5012658361956671,3.5536932079527674,,,,,,
0.0036914087616472307,0.5000056033138244,3.6914087616472306,,,,,,
0.0038323928806983662,0.4986432868722933,3.8323928806983663,,,,,,
0.0039764276607490625,0.49761897836384367,3.9764276607490623,,,,,,
0.004123295197442208,0.4956308828185221,4.123295197442208,,,,,,
0.0042734857755813045,0.493190393700316,4.273485775581305,,,,,,
0.004426345682095016,0.49165317708474676,4.4263456820950156,,,,,,
0.004582365201786844,0.49087988515654507,4.5823652017868435,,,,,,
0.004741435382478233,0.48826263789652485,4.741435382478232,,,,,,
0.004903828604615572,0.48619337318582156,4.903828604615572,,,,,,
0.005069381439931028,0.4827847501203935,5.0693814399310275,,,,,,
0.005237930460156767,0.482764556680869,5.237930460156766,,,,,,
0.0054096935696499,0.47953318999149536,5.4096935696499004,,,,,,
0.0055845073401425945,0.4769910974623973,5.584507340142594,,,,,,
0.005762426247724128,0.47519796071201786,5.762426247724128,,,,,,
0.005943777148930167,0.47239929260985375,5.943777148930167,,,,,,
0.006128124235046489,0.47056749590679514,6.128124235046489,,,,,,
0.006315794362608761,0.4675319007262417,6.315794362608761,,,,,,
0.00650662410334915,0.4662318997752756,6.50662410334915,,,,,,
0.006700667933356934,0.462645500546235,6.700667933356934,,,,,,
0.0068978169004535565,0.46085236379585537,6.897816900453557,,,,,,
0.00709801652854974,0.45916517729287126,7.09801652854974,,,,,,
0.00730137576982404,0.4550905640252109,7.30137576982404,,,,,,
0.007508167004722846,0.4539542009244365,7.5081670047228455,,,,,,
0.007717899948442657,0.4523246613158907,7.717899948442657,,,,,,
0.007930955933608418,0.4490684806147221,7.930955933608418,,,,,,
0.00814733496022013,0.444786209121628,8.14733496022013,,,,,,
0.008366928076099235,0.4423144903703052,8.366928076099235,,,,,,
0.008589735281245736,0.4402463910333525,8.589735281245737,,,,,,
0.008815484195213242,0.4382376027810906,8.81548419521324,,,,,,
0.009044501674537419,0.4347049710142687,9.044501674537418,,,,,,
0.009276624290950436,0.4312775227852483,9.276624290950437,,,,,,
0.009511688616184458,0.4297852670940343,9.511688616184458,,,,,,
0.009750293887221543,0.42517951823651207,9.750293887221543,,,,,,
0.009991949819258187,0.4240675373552359,9.991949819258187,,,,,,
0.010236874316651504,0.42280073431919696,10.236874316651503,,,,,,
0.01048490395113366,0.41771298916778526,10.48490395113366,,,,,,
0.010735984246615376,0.41754225410584256,10.735984246615375,,,,,,
0.010990442059632321,0.4140406186293495,10.990442059632322,,,,,,
0.011247950533648826,0.4142820400860534,11.247950533648826,,,,,,
0.011508400716486338,0.40971854794024437,11.508400716486337,,,,,,
0.011772228416859076,0.4089163535473031,11.772228416859075,,,,,,
0.012039324682588488,0.40751873704748376,12.039324682588488,,,,,,
0.012309362657138905,0.4062545526924822,12.309362657138905,,,,,,
0.012582560244867438,0.4030400055844293,12.58256024486744,,,,,,
0.012858699541416977,0.4024288243341322,12.858699541416977,,,,,,
0.013138216355501744,0.4003959196491713,13.138216355501743,,,,,,
0.013420674878407516,0.39885889140815395,13.420674878407516,,,,,,
0.013706293014491404,0.39708183489439985,13.706293014491404,,,,,,
0.01399507076375341,0.39506467020129965,13.995070763753409,,,,,,
0.014286899174014975,0.39436063609992444,14.286899174014975,,,,,,
0.014581723769186823,0.394503915194464,14.581723769186823,,,,,,
0.01487965350144751,0.3934148809633115,14.87965350144751,,,,,,
0.015180470466439925,0.39176616103317224,15.180470466439925,,,,,,
0.015484447044610456,0.39173409707274476,15.484447044610457,,,,,,
0.015791528759869826,0.3915900380533652,15.791528759869825,,,,,,
0.016101443231771647,0.38947598329721267,16.101443231771647,,,,,,
0.016414517316851583,0.3901010941473224,16.414517316851583,,,,,,
0.016730533110752524,0.3888681449774002,16.730533110752525,,,,,,
0.017049871946099415,0.3880996937210322,17.049871946099415,,,,,,
0.017372261442445868,0.38822884188795953,17.37226144244587,,,,,,
0.017697592647613326,0.3851515912450833,17.697592647613327,,,,,,
0.018025920037691066,0.3859556499209244,18.025920037691066,,,,,,
0.018357080184411255,0.38419421969073386,18.357080184411256,,,,,,
0.018691563372577394,0.3827200320133306,18.691563372577395,,,,,,
0.019028824841296706,0.382657442811971,19.028824841296707,,,,,,
0.019369245923194132,0.38094244253636617,19.369245923194132,,,,,,
0.01971255423782329,0.3808645993072743,19.71255423782329,,,,,,
0.02005902216563056,0.37980904468553434,20.059022165630562,,,,,,
0.020408431802258837,0.37720761792846036,20.408431802258836,,,,,,
0.020761001052065232,0.3781332964491246,20.761001052065232,,,,,,
0.021116403058514074,0.37548581737774395,21.116403058514074,,,,,,
0.021475128106408867,0.373482580666453,21.475128106408867,,,,,,
0.021836794863124665,0.371448491579203,21.836794863124666,,,,,,
0.022201512280840024,0.37182402472375153,22.201512280840024,,,,,,
0.02256911693128711,0.3688415404369046,22.56911693128711,,,,,,
0.02293971776664448,0.36799785654493167,22.939717766644478,,,,,,
0.02331358716735852,0.36481785241761205,23.31358716735852,,,,,,
0.02369039827689357,0.3644127554600579,23.690398276893568,,,,,,
0.024070260047428176,0.36242327676211905,24.070260047428174,,,,,,
0.024453444859408733,0.36108355347099136,24.453444859408734,,,,,,
0.024839680332388852,0.3587788276754042,24.839680332388852,,,,,,
0.02522902094245781,0.3570591023396147,25.22902094245781,,,,,,
0.02562092192872283,0.3549954589942381,25.62092192872283,,,,,,
0.02601581909989813,0.35345868211547515,26.01581909989813,,,,,,
0.026414039312519382,0.3519650657309372,26.41403931251938,,,,,,
0.02681520123396164,0.351096198878149,26.815201233961638,,,,,,
0.027219631720760567,0.3504551186914493,27.219631720760567,,,,,,
0.0276270039163805,0.34795193146811376,27.6270039163805,,,,,,
0.028037317820821438,0.34621630952239124,28.03731782082144,,,,,,
0.028450736862351216,0.3459037746024729,28.450736862351217,,,,,,
0.028867152088791277,0.34373982449050416,28.867152088791276,,,,,,
0.02928683588058801,0.34311535120768405,29.286835880588008,,,,,,
0.029709515857295025,0.3418770443214429,29.709515857295024,,,,,,
0.030135083066733768,0.3403544047885895,30.135083066733767,,,,,,
0.030563918841529186,0.33978668302439025,30.563918841529187,,,,,,
0.030996186609949107,0.33950282887439037,30.996186609949106,,,,,,
0.03143139608719003,0.3370939415783774,31.431396087190034,,,,,,
0.031869765177609075,0.3389630340673855,31.869765177609075,,,,,,
0.032311075976849124,0.33658164075530994,32.311075976849125,,,,,,
0.03275543743708873,0.3367552917899394,32.75543743708873,,,,,,
0.033202849558327904,0.3376830250120801,33.202849558327905,,,,,,
0.03365325786447736,0.33552961852990765,33.653257864477354,,,,,,
0.03410693473598348,0.3357446394349674,34.10693473598348,,,,,,
0.034563825696757,0.3347886507335706,34.563825696757,,,,,,
0.0350237128424408,0.33563491000260953,35.0237128424408,,,,,,
0.035486977505659836,0.3339791783579743,35.48697750565984,,,,,,
0.03595323835378915,0.3342490339847985,35.953238353789146,,,,,,
0.036422658815096584,0.33463822070317184,36.42265881509658,,,,,,
0.036895184413492856,0.33465187148132025,36.895184413492856,,,,,,
0.03737043381635302,0.3327529359626581,37.37043381635302,,,,,,
0.03784900626065914,0.3341124863497059,37.84900626065914,,,,,,
0.03833101069858976,0.33302278555376824,38.33101069858976,,,,,,
0.03881606579751994,0.3349215517758588,38.81606579751994,,,,,,
0.03930417155744968,0.3344230818713792,39.304171557449685,,,,,,
0.03979532797837899,0.3335351283007741,39.795327978378985,,,,,,
0.04028986191684352,0.33661770756723697,40.28986191684352,,,,,,
0.04078744651630761,0.3347612929443862,40.78744651630761,,,,,,
0.04128797282459271,0.3357309412836388,41.287972824592714,,,,,,
0.04179204007868087,0.3367140082374558,41.79204007868087,,,,,,
0.04229899456550076,0.3369700016338151,42.298994565500756,,,,,,
0.04280916314158804,0.3370526063796735,42.80916314158804,,,,,,
0.04332254580694271,0.33873478575746313,43.32254580694271,,,,,,
0.043838815705029115,0.33710773398974775,43.83881570502911,,,,,,
0.044358517596740026,0.3376200557739267,44.35851759674003,,,,,,
0.04488105224509338,0.34001489950617675,44.88105224509338,,,,,,
0.04540669203053558,0.3404100678846581,45.40669203053558,,,,,,
0.04593532800088806,0.34207713569528264,45.935328000888056,,,,,,
0.04646755939313288,0.3421470284688447,46.46755939313288,,,,,,
0.04700256906593087,0.3431714207696496,47.00256906593087,,,,,,
0.04754079282799626,0.3432836508119327,47.54079282799626,,,,,,
0.04808223067932904,0.3457465444906902,48.082230679329044,,,,,,
0.04862682814383994,0.3472548216359321,48.62682814383994,,,,,,
0.049174258364993284,0.3480799001859448,49.174258364993285,,,,,,
0.04972501162759258,0.34955967311869796,49.72501162759258,,,,,,
0.05027881555119144,0.3493463184664701,50.278815551191435,,,,,,
0.05083550670752202,0.34965968056370056,50.83550670752202,,,,,,
0.05139552090529856,0.3503707944737032,51.39552090529856,,,,,,
0.051958531287985374,0.3514527439467583,51.95853128798537,,,,,,
0.05252464680776103,0.3525894946366173,52.52464680776103,,,,,,
0.05309375851244697,0.35217809757036617,53.093758512446975,,,,,,
0.05366613878248958,0.35311601222637506,53.66613878248958,,,,,,
0.05424167866571031,0.3519506654473333,54.24167866571031,,,,,,
0.05482032368601988,0.3526615382292283,54.820323686019876,,,,,,
0.05540191041515045,0.35354149621044323,55.40191041515045,,,,,,
0.05598660228136986,0.3515101994268373,55.98660228136986,,,,,,
0.05657412690423172,0.35260387886975736,56.57412690423172,,,,,,
0.0571648111402717,0.35142402324960637,57.1648111402717,,,,,,
0.057758709465579074,0.35143836462426586,57.758709465579074,,,,,,
0.05835560397579673,0.3511535796511909,58.355603975796726,,,,,,
0.05895576705137105,0.3503707944737032,58.955767051371055,,,,,,
0.05955898078794494,0.35059832779663874,59.55898078794494,,,,,,
0.06016557204205406,0.3511535796511909,60.16557204205406,,,,,,
0.06077494157671635,0.35059832779663874,60.774941576716344,,,,,,
0.06138730729628892,0.35085436302568657,61.38730729628892,,,,,,
0.06200299605730744,0.3503994634150594,62.00299605730744,,,,,,
0.06262157205105769,0.3501147383231837,62.62157205105768,,,,,,
0.0632431987058075,0.3512517241242091,63.243198705807494,,,,,,
0.06386820287809253,0.3488768605089287,63.868202878092525,,,,,,
0.06449603980702001,0.34803722135231957,64.49603980702001,,,,,,
0.06512714530130417,0.3470413103014845,65.12714530130417,,,,,,
0.06576108355223079,0.34534723669869455,65.76108355223079,,,,,,
0.06639807246415695,0.3462021490735871,66.39807246415695,,,,,,
0.0670383299414398,0.3434977647257172,67.0383299414398,,,,,,
0.06768169255581148,0.3412341961802197,67.68169255581148,,,,,,
0.06832826925945056,0.3415650441747808,68.32826925945055,,,,,,
0.06897806005235703,0.33856165541602745,68.97806005235702,,,,,,
0.06963095598235233,0.3367552917899394,69.63095598235233,,,,,,
0.07028712047770432,0.3340474710477798,70.28712047770432,,,,,,
0.07094639011014514,0.33339881515814374,70.94639011014515,,,,,,
0.07160898278403191,0.3304340308785007,71.60898278403191,,,,,,
0.07227462611891824,0.32950403912871945,72.27462611891825,,,,,,
0.07294310221044703,0.326807846307343,72.94310221044704,,,,,,
0.07361468343906465,0.32571681480887776,73.61468343906465,,,,,,
0.07428958770912822,0.3234387352080305,74.28958770912821,,,,,,
0.07496748816410206,0.3211338837252646,74.96748816410206,,,,,,
0.07564876613661115,0.319840425706009,75.64876613661114,,,,,,
0.07633298581794123,0.31656308623501256,76.33298581794124,,,,,,
0.07702052854071727,0.3152310369697641,77.02052854071727,,,,,,
0.07771144878102854,0.3124269044217088,77.71144878102854,,,,,,
0.0784053107301608,0.31214534369695646,78.40531073016079,,,,,,
0.07910260467291758,0.30962263576444177,79.10260467291758,,,,,,
0.07980300375276318,0.30728001397063937,79.80300375276319,,,,,,
0.08050639901751908,0.3050004260946182,80.50639901751907,,,,,,
0.08121306284763165,0.30369508047431526,81.21306284763165,,,,,,
0.08192266838656523,0.3014028707610296,81.92266838656523,,,,,,
0.08263565144303403,0.2988787424195653,82.63565144303404,,,,,,
0.08335212096921661,0.29706164682719854,83.35212096921661,,,,,,
0.08407158668030948,0.29679348202478467,84.07158668030948,,,,,,
0.08479442990893758,0.2964404344036373,84.79442990893759,,,,,,
0.08552032379856524,0.2942206762153359,85.52032379856524,,,,,,
0.08624948625354957,0.29342844124760026,86.24948625354958,,,,,,
0.0869820807021584,0.29273213718417535,86.9820807021584,,,,,,
0.08771750790740969,0.29239233075004056,87.71750790740968,,,,,,
0.08845636710628547,0.2909393144751289,88.45636710628547,,,,,,
0.0891983314422501,0.2918921666860945,89.19833144225011,,,,,,
0.08994378224792851,0.29083233134482617,89.94378224792851,,,,,,
0.09069233819069576,0.290194763460261,90.69233819069576,,,,,,
0.09144427165099825,0.29091554378939444,91.44427165099825,,,,,,
0.09219931024838957,0.29096308904578244,92.19931024838957,,,,,,
0.09295772636331612,0.2914157989914802,92.95772636331611,,,,,,
0.09371897523488512,0.2916838695127093,93.71897523488512,,,,,,
0.09448349267181079,0.292904401381827,94.4834926718108,,,,,,
0.0952513876262717,0.29277998324204035,95.2513876262717,,,,,,
0.0960224421939107,0.29495268390897267,96.0224421939107,,,,,,
0.09679692875517423,0.295781271537912,96.79692875517424,,,,,,
0.0975747383578837,0.2946452422176682,97.5747383578837,,,,,,
0.09835532624114635,0.29756165063980666,98.35532624114634,,,,,,
0.09913929164194421,0.2993664983099644,99.13929164194421,,,,,,
0.09992647113200948,0.29973273988803084,99.92647113200948,,,,,,
0.10071664680698503,0.3022327861567107,100.71664680698503,,,,,,
0.10151030895167436,0.3025013540064207,101.51030895167436,,,,,,
0.10230702175736325,0.3042445133390625,102.30702175736326,,,,,,
0.10310683970014098,0.3050502732883028,103.10683970014098,,,,,,
0.1039098717321861,0.30613734847884055,103.9098717321861,,,,,,
0.10471617232958791,0.3074056482034784,104.7161723295879,,,,,,
0.10552557806407854,0.3106342281920933,105.52557806407854,,,,,,
0.10633803445956874,0.3100053508064673,106.33803445956875,,,,,,
0.1071535415160585,0.3118626111312655,107.15354151605851,,,,,,
0.10797258951835133,0.31642086290138766,107.97258951835133,,,,,,
0.1087944702772866,0.3144380001319801,108.7944702772866,,,,,,
0.10961956512548926,0.3174351682432069,109.61956512548926,,,,,,
0.11044809196731643,0.32070031524021925,110.44809196731643,,,,,,
0.11127956051796462,0.3220601232810347,111.27956051796461,,,,,,
0.11211413420570163,0.32459572228860095,112.11413420570163,,,,,,
0.11295181303052748,0.3264023280392061,112.95181303052748,,,,,,
0.11379243356417434,0.32806026653466674,113.79243356417435,,,,,,
0.11463621371099932,0.33175553137525343,114.63621371099931,,,,,,
0.11548315347100241,0.3326599958026751,115.48315347100241,,,,,,
0.11633319836809435,0.3362342792975852,116.33319836809434,,,,,,
0.1171866207827215,0.33867237789057836,117.1866207827215,0.005523143321,509.852762894014,,,,
0.11804309385834823,0.3393234471823897,118.04309385834823,0.005340312415,529.762717697714,,,,
0.11890272654715306,0.34332576049710906,118.90272654715307,0.005161770333,535.813241457772,,,,
0.11976524646868962,0.3431678089477171,119.76524646868963,0.004923924659,546.959212817958,,,,
0.12063070809904719,0.3458737385030834,120.63070809904718,0.004731400803,558.963106768721,,,,
0.1214994927708507,0.3459868985621043,121.49949277085071,0.004714253832,589.389229239489,,,,
0.12237138301555177,0.3453169799410276,122.37138301555177,0.004650849918,602.003090775945,,,,
0.1232463239212524,0.34706883862729515,123.2463239212524,0.004502963958,616.836852247352,,,,
0.1241240426716975,0.3482649385108989,124.1240426716975,0.004531333435,639.532203554034,,,,
0.1250049210353207,0.3495463295858031,125.0049210353207,0.003849826211,658.179951991476,,,,
0.12588912287619858,0.3508277206607074,125.88912287619858,0.003826411234,679.324771284475,,,,
0.12677621151399945,0.3506144098589251,126.77621151399946,0.003828579732,705.338168573051,,,,
0.12766629677251934,0.35136897987659654,127.66629677251935,0.003981912187,738.865714678228,,,,
0.12855948673231934,0.35144087548893826,128.55948673231936,0.003443985647,762.02526796856,,,,
0.12945589121719545,0.35169715161544407,129.45589121719544,0.003475005007,796.230720234018,,,,
0.13035496459463747,0.3540722271194528,130.35496459463747,0.003357067053,812.683709703629,,,,
0.13125708863307906,0.3534482099146954,131.25708863307906,0.003615583436,864.163482482614,,,,
0.13216280809341296,0.35349158774325573,132.16280809341296,0.003133024484,882.011378438124,,,,
0.13307130627010877,0.3539463348359076,133.07130627010878,0.003084853566,899.093553440749,,,,
0.1339829640599827,0.3534048427308305,133.9829640599827,0.002826964797,932.640193035655,,,,
0.13489745460649907,0.3521954093603423,134.89745460649908,0.002725151695,956.132974829168,,,,
0.13581499581401502,0.35314850371346984,135.81499581401502,0.003011747105,1021.083311384244,,,,
0.13673569663470905,0.353375949517414,136.73569663470906,0.002505843654,1011.912753235092,,,,
0.13765917530014757,0.3507578540538296,137.65917530014758,0.002369203321,1041.073146326101,,,,
0.13858586849066218,0.35230770510377274,138.58586849066216,0.002647660325,1121.723539673932,,,,
0.13951577533463547,0.3507004769843052,139.51577533463546,0.002231380114,1170.978179595737,,,,
0.14044873283960832,0.35284899681384096,140.4487328396083,0.002271302432,1201.963805701487,,,,
0.14138457801312163,0.35092819742535886,141.38457801312163,0.002587016593,1236.213451759236,,,,
0.14232347384763447,0.3496321239938187,142.32347384763446,0.002426952884,1247.16363194676,,,,
0.14326547438342746,0.3513833640036055,143.26547438342746,0.002375888441,1261.391372566665,,,,
0.14421036258776088,0.35089946291067914,144.21036258776087,0.002376638286,1260.518184406998,,,,
0.14515841040527241,0.35159645468601314,145.1584104052724,0.0023760019,1262.059001383431,,,,
0.14610961783596207,0.350600057209599,146.10961783596207,0.002342073906,1286.365280727185,,,,
0.14706392996793186,0.35117009521373294,147.06392996793187,0.002227913264,1326.063209229451,,,,
0.1480215655771563,0.35192473508017674,148.02156557715628,0.002157215779,1357.142424911088,,,,
0.14898187007894664,0.3526792242897549,148.98187007894666,0.002424432205,1388.368382505713,,,,
0.14994528015363454,0.3524806267022637,149.94528015363454,0.002313248962,1410.567632366084,,,,
0.15091141403278632,0.35420256902414804,150.91141403278633,0.002218392709,1445.602290455229,,,,
0.15188070752511623,0.35305111251256066,151.88070752511624,0.002119061454,1490.542121895768,,,,
0.1528530516784457,0.3548022369490339,152.8530516784457,0.002066581267,1590.917891162592,,,,
0.15382844649277475,0.35584221049994663,153.82844649277476,0.002014557104,1511.705769430078,,,,
0.154807218824639,0.35706571445944557,154.807218824639,0.001964644208,1532.721684939563,,,,
0.15578887795342627,0.35834729423999895,155.78887795342627,0.002211714169,1553.358153363769,,,,
0.15677347879103457,0.3584792746724333,156.77347879103456,0.002146195517,1568.086078426998,,,,
0.15776085834500472,0.3609253567598726,157.76085834500472,0.002061768495,1578.391765106056,,,,
0.15875128855997445,0.3602005713801635,158.75128855997445,0.001994833876,1592.775002305659,,,,
0.15974466048376518,0.3625523432983297,159.7446604837652,0.001929105733,1594.562663225943,,,,
0.16074108306855547,0.3639535447703975,160.74108306855547,0.00188293654,1594.697925053749,,,,
0.16174017454591166,0.36748492421264056,161.74017454591166,0.001859928217,1587.884878195305,,,,
0.16274280740487962,0.3659605310898928,162.7428074048796,0.001786873832,1583.66450045519,,,,
0.16374827302049003,0.36956526498263287,163.74827302049002,0.002000345828,1618.851638317403,,,,
0.1647567892971,0.36998806248188826,164.7567892971,0.001978583105,1606.749636413441,,,,
0.16576824728253098,0.3700183700448465,165.76824728253098,0.001912062664,1702.896615579322,,,,
0.16678270101706352,0.3716915960950392,166.78270101706352,0.001837599244,1690.402285057547,,,,
0.16780015137231508,0.37006380193116867,167.80015137231507,0.001806209731,1632.879938353028,,,,
0.1688205974766682,0.37223471679913095,168.82059747666818,0.001776336745,1626.836899415328,,,,
0.16984393124956176,0.371541690290214,169.84393124956176,0.001747754608,1615.810057105317,,,,
0.17087053358781198,0.3712244386195409,170.870533587812,0.001717457923,1620.876845514811,,,,
0.17189996868270466,0.3712244386195409,171.89996868270467,0.001710948427,1621.572239816084,,,,
0.17293229057452036,0.3719784197117642,172.93229057452035,0.001844199284,1628.284498736939,,,,
0.1739677180392336,0.3707420607941292,173.9677180392336,0.001814171107,1634.623839826059,,,,
0.17500608721276786,0.36933968557707303,175.00608721276785,0.001759544097,1646.361975863334,,,,
0.17604745213540368,0.3709985151789431,176.0474521354037,0.001704791646,1660.267910695167,,,,
0.17709164981468195,0.371541690290214,177.09164981468194,0.001698069101,1668.815654674277,,,,
0.17813895306685779,0.37128521492566857,178.1389530668578,0.001667926623,1679.881568902473,,,,
0.1791891980278546,0.37173717955686064,179.18919802785462,0.001661136662,1689.847234047389,,,,
0.18024260260202954,0.3710440618178721,180.24260260202954,0.001587140557,1697.138781898144,,,,
0.18129905783720404,0.3725825994774104,181.29905783720403,0.001558334683,1706.893006235041,,,,
0.1823585637333781,0.37321434936583586,182.3585637333781,0.001529470545,1719.723351563914,,,,
0.18342079343401607,0.3721001951914329,183.42079343401608,0.001499961867,1734.495285008065,,,,
0.1844860188837556,0.3732906882887916,184.4860188837556,0.001471498397,1747.891487146607,,,,
0.18555440394667325,0.3743008842434597,185.55440394667323,0.001465246154,1858.660967304621,,,,
0.1866257307184119,0.37237182884578446,186.62573071841192,0.001437302637,1808.237634854487,,,,
0.1877001630630481,0.37199361293851896,187.7001630630481,0.001408879371,1812.798188315751,,,,
0.18877764606868386,0.370561531653485,188.77764606868385,0.001379378721,1824.671442046466,,,,
0.18985774392660495,0.37173717955686064,189.85774392660497,0.001373756562,1838.914862889201,,,,
0.1909412193020613,0.37024440150126453,190.94121930206128,0.001345294256,1860.408633845636,,,,
0.19202758147444063,0.3680874783332542,192.02758147444064,0.001316064376,1885.551614646697,,,,
0.19311694026753898,0.3697618841757145,193.11694026753898,0.001310098088,1904.800137290068,,,,
0.1942093497216369,0.3710440618178721,194.2093497216369,0.001197534577,1948.766413076444,,,,
0.19530475492483637,0.37048573224561787,195.30475492483637,0.001255910202,1953.349298109787,,,,
0.19640310183685686,0.3695811323038447,196.40310183685685,0.001166542295,1995.537781811887,,,,
0.19750444536959633,0.37250635387583886,197.50444536959634,0.001161925222,2164.310834383366,,,,
0.19860900255579447,0.3721001951914329,198.60900255579446,0.001137047181,2091.754362512354,,,,
0.19971639249863507,0.37211543735180647,199.71639249863506,0.001133106423,2090.080328694631,,,,
0.200826397293761,0.3709089913932225,200.826397293761,0.001128663951,2101.797686201788,,,,
0.20193961661396306,0.3723870437436379,201.93961661396307,0.001047273772,2139.587119813335,,,,
0.20305583168326669,0.37416707277244443,203.0558316832667,0.001024600942,2174.45477441885,,,,
0.20417515232546785,0.37508541797498557,204.17515232546785,0.001021518241,2203.030701919537,,,,
0.2052974687167706,0.37398707430934874,205.2974687167706,0.001018086427,2234.541226210082,,,,
0.2064228906809709,0.3773619167550418,206.42289068097088,0.001015336833,2265.847544054995,,,,
0.20755098153773707,0.3768395526858661,207.55098153773707,0.000937470011,2337.028136376514,,,,
0.20868206901522227,0.3768703971578925,208.68206901522225,0.000934823077,2375.380017791449,,,,
0.20981588029717135,0.37831675476506144,209.81588029717136,0.000932337159,2598.314115190225,,,,
0.21095274224012,0.3793582397108357,210.95274224012002,0.000912915764,2572.758984696482,,,,
0.21209281783652734,0.38033751877075667,212.09281783652733,0.000910963519,2556.147882158424,,,,
0.21323550828522,0.38062506485859476,213.23550828522,0.000892409738,2587.166601932623,,,,
0.21438152221116732,0.38147264552328336,214.38152221116732,0.000873916094,2626.5018561328,,,,
0.21553042293403768,0.38264563999001905,215.5304229340377,0.000838700524,2702.644654964925,,,,
0.2166821023732699,0.38290216783235187,216.6821023732699,0.000822288907,2745.996098017644,,,,
0.21783666860942513,0.38156637576469044,217.83666860942515,0.000805070874,2817.81272651997,,,,
0.21899439445875848,0.3831272209490358,218.99439445875848,0.00080422137,2855.242053445401,,,,
0.22015489902445373,0.3824361965203037,220.15489902445373,0.000760111532,2959.477970846528,,,,
0.221318290387072,0.38171351989417257,221.31829038707198,0.000758984279,3003.372794814394,,,,
0.2224845145063327,0.3807029674058584,222.4845145063327,0.000731574432,3099.769288929062,,,,
0.22365411614312863,0.3789227883584432,223.65411614312865,0.000729158301,3165.540524568504,,,,
0.22482676844092414,0.37818403321976113,224.82676844092413,0.000726777947,3238.056523228796,,,,
0.22600225349536207,0.3782857995214804,226.00225349536208,0.0006994348,3386.359700331453,,,,
0.22718057130644245,0.3768703971578925,227.18057130644246,0.000697031264,3475.729748148759,,,,
0.22836155888170617,0.37582880099300786,228.36155888170617,0.000682825408,3735.978204163817,,,,
0.2295454881657909,0.37428957066656904,229.5454881657909,0.000669271393,3905.978415837004,,,,
0.23073257706305375,0.3735657750121928,230.73257706305375,0.000655781945,4021.589652839757,,,,
0.23192266170941817,0.3735505057057348,231.92266170941818,0.000642087341,3925.389942349704,,,,
0.23311601492113926,0.37226777159880275,233.11601492113925,0.000603768641,4238.291843812073,,,,
0.23431214684922222,0.37011018727059625,234.31214684922222,0.000601287972,4295.082596128233,,,,
0.23551116557422822,0.37093934796167577,235.51116557422822,0.000591801238,4413.672567273761,,,,
0.23671301705587666,0.37021529629272737,236.71301705587666,0.000589724161,4464.783643255686,,,,
0.237917592341989,0.3688116820319394,237.917592341989,0.000587485206,4510.733369662814,,,,
0.23912516424882033,0.3691739301558277,239.12516424882034,0.000532169787,5371.117932765935,,,,
0.24033540504821754,0.3685098091859894,240.33540504821755,0.000525330128,5494.720957482481,,,,
0.2415485335161552,0.36959623441115835,241.5485335161552,0.000557451915,5077.498704504329,,,,
0.24276449474073533,0.3674532346485971,242.76449474073533,0.000512085904,5755.591087874016,,,,
0.2439832887219579,0.3677701541911909,243.9832887219579,0.000505402595,5905.011195389593,,,,
0.2452046975554658,0.36805687139114773,245.2046975554658,0.000503815176,5932.714803348006,,,,
0.24642893914561617,0.3694152783453073,246.42893914561617,0.000501759355,6000.696015272886,,,,
0.24765574067615387,0.3687361787831432,247.65574067615387,0.000496312346,6121.752692769914,,,,
0.24888526601115546,0.36923441282877195,248.88526601115547,0.000494408984,6183.782733323332,,,,
0.2501169163494476,0.3685249147830151,250.1169163494476,0.000489174234,6314.052541352826,,,,
0.2513513445324842,0.36686377485473604,251.3513445324842,0.000487679435,6327.009086661797,,,,
0.252588224575347,0.3691739301558277,252.58822457534703,0.000482824372,6468.952438581622,,,,
0.25382761051831665,0.3678002698913663,253.82761051831665,0.000481005754,6510.503696804885,,,,
0.2550693934092145,0.36734710303683243,255.06939340921448,0.000472344162,6697.675928722489,,,,
0.25631340938396396,0.3685098091859894,256.313409383964,0.000462747539,6968.66206346577,,,,
0.2575593864979275,0.36677361195164204,257.5593864979275,0.000456641996,7109.343624540104,,,,
0.2588076516076407,0.3679815195790651,258.8076516076407,0.000452542194,7230.621316675186,,,,
0.26005782381628734,0.36700016080391756,260.05782381628734,0.000444369897,7459.554841603815,,,,
0.26131022910878565,0.3648248760156826,261.3102291087857,0.000443402835,7417.837073407023,,,,
0.2625649223970336,0.3645232682451009,262.5649223970336,0.00043994534,7468.11054926537,,,,
0.26382146787231703,0.3645232682451009,263.82146787231704,0.000436956944,7492.823092786307,,,,
0.2650799204465339,0.36370854875292147,265.0799204465339,0.00044087202,7210.237254132642,,,,
0.2663403341599648,0.36339225580275014,266.34033415996475,0.000442167333,7022.69458990063,,,,
0.26760287200506877,0.36115656741465546,267.6028720050688,0.000447956911,6693.360405120063,,,,
0.2688672620372082,0.3593450106360377,268.86726203720815,0.000423874432,7313.272721832331,,,,
0.2701330144073883,0.3570788419595057,270.1330144073883,0.000430286446,6928.631325904131,,,,
0.2714006189646038,0.3553255040177776,271.40061896460384,0.000432754324,6732.135602855822,,,,
0.27266996675667626,0.35247257683141875,272.6699667566763,0.000435401051,6589.687218241888,,,,
0.27394094883142706,0.3509035340895284,273.9409488314271,0.000432104554,6684.907654829482,,,,
0.2752134013247796,0.348136837751522,275.2134013247796,0.000430940943,6793.449162019031,,,,
0.27648743406052995,0.3474810129639292,276.48743406052995,0.000427308134,6976.071828822151,,,,
0.2777628282627035,0.3447710652400123,277.76282826270347,0.000417624245,7412.656745982719,,,,
0.27903969375509624,0.3432729540935849,279.03969375509627,0.000444162337,6703.475699150368,,,,
0.28031792071391226,0.34196113659178806,280.31792071391226,0.0004341865,7094.542175832183,,,,
0.28159772791512605,0.34090626776724925,281.59772791512603,0.000427813567,7383.496966020467,,,,
0.2828788425424825,0.33793653383733924,282.8788425424825,0.000425214576,7550.697323881736,,,,
0.2841611007319051,0.33729858158082093,284.1611007319051,0.000425811952,7589.862080548858,,,,
0.2854445033550112,0.3362993394914154,285.4445033550112,0.000426875152,7579.392908501921,,,,
0.2867288865477243,0.3355292513303245,286.7288865477243,0.000428209823,7535.604683072112,,,,
0.2880145222546821,0.332841641060435,288.0145222546821,0.000433119428,7376.724109524073,,,,
0.28930141134750204,0.33177355753635435,289.30141134750204,0.000441390876,7099.990835862648,,,,
0.2905893350502095,0.3316920333908334,290.5893350502095,0.000450036119,6842.033564141228,,,,
0.2918784031866005,0.33120570643474234,291.8784031866005,0.000455621089,6697.169801771232,,,,
0.29316866979695566,0.330381363158456,293.16866979695567,0.000467905673,6370.371559324999,,,,
0.2944594811682036,0.3291786819418266,294.4594811682036,0.000439190577,7137.189527006434,,,,
0.2957513820612371,0.3296111805821898,295.75138206123705,0.000443994208,6991.263424840024,,,,
0.2970437728032653,0.3269480780214946,297.0437728032653,0.000449566756,6809.233609112783,,,,
0.29833719902679856,0.3272183973016771,298.33719902679854,0.000455287761,6618.307311367249,,,,
0.29963127896340314,0.3290977675283235,299.63127896340313,0.000463128109,6396.230598493821,,,,
0.30092606665335964,0.32788148377259924,300.9260666533596,0.000471307886,6170.200665615214,,,,
0.30222178087264256,0.32747530365669675,302.22178087264257,0.000476614878,6044.410121176923,,,,
0.3035180938930988,0.32836806852252914,303.5180938930988,0.00047831735,6008.810482319952,,,,
0.3048148976341673,0.3272183973016771,304.8148976341673,0.000486700568,5815.33480656338,,,,
0.30611219122423056,0.3276515020123169,306.11219122423057,0.000491755734,5718.603185681111,,,,
0.3074101934392631,0.3289085203294175,307.41019343926314,0.000454804371,6665.541103956603,,,,
0.3087087404151885,0.3264612890545093,308.70874041518846,0.000456621561,6641.063704713912,,,,
0.3100078861922872,0.32774549520472973,310.0078861922872,0.00045787707,6629.56651013079,,,,
0.311307304785641,0.33128607536874927,311.307304785641,0.000458406808,6637.863713396234,,,,
0.3126075400845253,0.32825920287746446,312.6075400845253,0.000461441793,6551.480419207598,,,,
0.31390804819966467,0.32894892308118723,313.9080481996647,0.000462193101,6549.151629399128,,,,
0.31520910107569683,0.32819194922217937,315.2091010756968,0.000463087242,6548.867703853657,,,,
0.31651031694418813,0.32701508502068627,316.5103169441881,0.000466234048,6483.330666993964,,,,
0.3178118056289345,0.3264479303527667,317.8118056289345,0.000469200325,6416.152542518215,,,,
0.3191140020670328,0.32736796549419017,319.1140020670328,0.000470217515,6406.415256151316,,,,
0.32041625341702906,0.3256239370999401,320.41625341702905,0.000471327144,6392.721871126469,,,,
0.32171888566384155,0.3229447629710588,321.71888566384155,0.000473310056,6352.282281256505,,,,
0.32302222653562335,0.3245302425841196,323.02222653562336,0.000474697785,6346.173383539602,,,,
0.32432562144768573,0.32275950388527347,324.3256214476857,0.000476247533,6324.692387638621,,,,
0.3256292891760032,0.31960477860411823,325.6292891760032,0.000480907953,6224.803773754796,,,,
0.3269331748086778,0.31919087727129436,326.9331748086778,0.000483212228,6188.111964336298,,,,
0.32823733238599007,0.317458350914343,328.23733238599004,0.000488142897,6076.805829989767,,,,
0.32954176277955743,0.3164698935901047,329.5417627795574,0.00049109567,6347.609434630856,,,,
0.3308461931731248,0.3163401998068099,330.8461931731248,0.000496770765,6207.96514614737,,,,
0.33215116832758496,0.3145944519990188,332.15116832758497,0.000499543613,6169.28986482325,,,,
0.3334561975223257,0.3150176883137687,333.4561975223257,0.0005081813,5994.403439347426,,,,
0.3347612816289644,0.31184614514479475,334.7612816289644,0.000493846944,6003.369501294602,,,,
0.3360666925921388,0.3119879744124151,336.0666925921388,0.0004958494,6002.558945180182,,,,
0.3373722125074917,0.30980382447794663,337.3722125074917,0.000499084352,5997.183876098445,,,,
0.33867827718373744,0.31119207671592525,338.67827718373746,0.000508184206,5820.768871985048,,,,
0.33998439590026375,0.3087130129926403,339.98439590026373,0.000511081696,5793.651132093601,,,,
0.34129051461679005,0.3084309700925163,341.29051461679006,0.000516622747,5677.905305093434,,,,
0.34259690614957145,0.30819934741361765,342.59690614957145,0.000522417918,5559.922704308886,,,,
0.3439034066345314,0.3079552108820283,343.9034066345314,0.00052571912,5511.849708743443,0.002720553669,974.923222248986,,
0.3452100160716699,0.30767306017777873,345.2100160716699,0.000528135857,5515.344958872738,0.002615256242,977.22758046353,,
0.3465168434131655,0.30817409532512463,346.51684341316553,0.000531606983,5458.315353159805,0.002555864196,976.951635507856,,
0.3478237797068397,0.308186704685588,347.8237797068397,0.000544003154,5140.113945251764,0.002511886601,983.593478319718,,
0.3491307160005139,0.30889394317945545,349.13071600051387,0.000556885256,4879.423711020193,0.002533070804,987.131270617134,,
0.35043787019854516,0.3081488150492455,350.43787019854517,0.000560196513,4816.407160210978,0.002731141821,1017.84167286434,,
0.351745133348755,0.30768568183459494,351.745133348755,0.00056631656,4719.238456068858,0.002425939683,997.298439375654,,
0.3530522875467863,0.3074667193890562,353.0522875467863,0.000576075633,4563.156712258621,0.002420060223,1004.937841104017,,
0.3543598226416338,0.30702850679204075,354.3598226416338,0.000538501813,5228.217356672203,0.002334846827,1012.939203977711,,
0.35566730369620075,0.3103328375809519,355.66730369620075,0.000542920345,5153.107275205188,0.002250083312,1020.69731216331,,
0.3569747847507677,0.30918865951760877,356.9747847507677,0.000545349261,5123.764196424042,0.002488395278,1055.241147239718,,
0.35828204790097756,0.30821199117897374,358.28204790097755,0.00054778339,5104.352652185417,0.002359759258,1047.405822860638,,
0.35958942000336597,0.30821199117897374,359.58942000336594,0.000550051349,5086.369623523174,0.002156371743,1041.594952207854,,
0.360897064050392,0.3096515218806979,360.89706405039203,0.000554157425,5053.347562154175,0.002130377408,1049.9558307976,,
0.3622044361527804,0.3076604718329161,362.20443615278043,0.000556076416,5047.823114945628,0.002121446875,1061.532786467361,,
0.36351202615952594,0.30694039749059127,363.51202615952593,0.000557883389,5037.684497000755,0.001993481214,1065.119133299355,,
0.36481961616627145,0.3073911140507436,364.81961616627143,0.000559491479,5017.066922138547,0.001952585922,1072.714058447828,,
0.36612731512519553,0.3059631602024029,366.12731512519554,0.000558894006,5063.480348292503,0.0020925538,1095.130218433089,,
0.3674350140841196,0.30708393048865223,367.4350140841196,0.000560095001,5081.031002933821,0.00190786919,1089.550833014043,,
0.36874265813114565,0.30536172291650276,368.7426581311457,0.000561588884,5076.159990374364,0.001917441051,1102.292219463121,,
0.3700501391857126,0.3038332530183761,370.0501391857126,0.000562930173,5102.233341211838,0.001800734242,1105.67376677849,,
0.3713578921849172,0.3025862332381101,371.3578921849172,0.000564134185,5157.047087365123,0.001876106097,1118.181203518431,,
0.37266553623194326,0.30347685659369417,372.66553623194324,0.000563354989,5382.574314092434,0.001747795266,1121.603411628769,,
0.37397290833433167,0.3004943637282772,373.9729083343317,0.000565235773,5375.698822486936,0.001776613467,1133.407771494421,,
0.3752805523813577,0.2987333306538306,375.2805523813577,0.000567177363,5368.331592017584,0.001669150969,1156.716827850677,,
0.3765883053805623,0.2976814778427292,376.5883053805623,0.000609823685,4294.238007372581,0.001721918054,1225.898638831119,,
0.37789589538730783,0.29682570696158467,377.89589538730786,0.000587603553,4846.154382659192,0.001812032171,1247.778798406753,,
0.3792035394343339,0.2948319474825458,379.2035394343339,0.000590154163,4858.036101455355,0.001826869257,1249.51025104571,,
0.38051085662482426,0.29450279567600657,380.51085662482427,0.00058706763,5254.491606840606,0.001818145662,1252.653501790375,,
0.3818184466315698,0.29179792950636085,381.81844663156977,0.000590578775,5288.783455322802,0.00181234667,1253.102473032425,,
0.38312592768613674,0.2894504907528378,383.1259276861367,0.000589105991,4950.327334922397,0.001809997308,1250.796129277316,,
0.38443351769288225,0.2874548554032343,384.4335176928823,0.000610431379,4696.003702481217,0.001810793638,1262.029616978229,,
0.3857411617399083,0.28712727986540615,385.7411617399083,0.00061600023,4598.848063160495,0.001852506103,1243.68713032474,,
0.3870486968347558,0.28409199826939713,387.0486968347558,0.000632567548,4494.946340623198,0.001793354844,1202.48125886766,,
0.38835634088178184,0.28352016769911464,388.3563408817818,0.000639932013,4438.221230121682,0.001784186725,1199.140044304195,,
0.38966371298417024,0.2829949358707681,389.6637129841702,0.000644176933,4426.300138363164,0.001739950896,1197.97515422073,,
0.3909709761343801,0.2814195283995647,390.97097613438007,0.000640067622,4551.71082280925,0.001709245798,1198.919523475945,,
0.392278402277049,0.2792001831629182,392.278402277049,0.000644755761,4560.011391792581,0.001858004395,1209.666481964499,,
0.393585883331616,0.27763630848821863,393.585883331616,0.000656104646,4422.71365902158,0.001845370962,1191.737015958925,,
0.39489352737864203,0.27762491949479984,394.89352737864203,0.000662222686,4397.131114937185,0.001859316405,1183.008879846293,,
0.3962013893300252,0.27587233828330243,396.20138933002517,0.000671966264,4285.606963067587,0.001846405884,1167.893078862039,,
0.39750903337705124,0.2751018081938084,397.50903337705125,0.000678348477,4250.867688339752,0.001832670859,1153.856477888058,,
0.3988169502403324,0.27573669892709046,398.8169502403324,0.000687564033,4196.41208072373,0.001846927716,1147.997489071355,,
0.40012454024707794,0.2736054664627581,400.12454024707796,0.00069845721,4105.150176257016,0.00181934935,1135.239802215573,,
0.401432184294104,0.27426369465515454,401.432184294104,0.000708229198,4066.985560710288,0.001834901697,1129.253705966851,,
0.40273988325302806,0.2737388640354131,402.73988325302804,0.000716713149,4045.780890072585,0.001850282189,1123.540613626247,,
0.4040477452044112,0.27302451854841125,404.0477452044112,0.000724966151,4024.528010028918,0.001851844337,1112.844167056037,,
0.40535511730679963,0.273482136372323,405.3551173067996,0.000733782233,4006.343021201213,0.00186690875,1106.72552685328,,
0.40666308821036135,0.2739955916985032,406.66308821036137,0.000744269517,3981.449896880707,0.00189523325,1105.633739976317,,
0.4079709501617445,0.271985987118969,407.9709501617445,0.000754185979,3924.800154195256,0.001881561884,1087.409056344707,,
0.40927875807284714,0.2710475240015798,409.27875807284715,0.00076284947,3932.369656762148,0.001850961161,1064.043135382734,,
0.41058656598394977,0.271985987118969,410.58656598394975,0.000773887242,3870.235138549369,0.001778259314,1047.666642759006,,
0.41189388317444015,0.272030596569192,411.89388317444013,0.000788569624,3795.431445755936,0.001808016907,1041.143870427863,,
0.41320141826928763,0.2716956825329153,413.2014182692876,0.000799680691,3741.655646294652,0.001835126266,1040.314296226809,,
0.4145091172282117,0.27096977194055144,414.5091172282117,0.000811088305,3686.394852553579,0.001844721474,1038.962898177382,,
0.41581659828277867,0.27023240913700497,415.81659828277867,0.000819978178,3655.152928045238,0.001837327298,1036.122785198955,,
0.41712429724170275,0.26996452070249927,417.1242972417027,0.000828177387,3624.277109980791,0.001846588992,1093.799694772202,,
0.41843205024090735,0.26897014089836896,418.43205024090736,0.000833936641,3640.421890412583,0.001838957982,1078.614298890449,,
0.41973958533575484,0.26813343224984726,419.73958533575484,0.000839980141,3616.493343493137,0.001830574475,1060.596875883238,,
0.42104701147842377,0.26763074567374223,421.04701147842377,0.000847931241,3586.761995264435,0.001802344646,1054.815908337048,,
0.4223544376210927,0.26661428214930205,422.3544376210927,0.000850574459,3577.040939022369,0.001812344715,1048.779416183989,,
0.4236620276278382,0.26463539502477046,423.6620276278382,0.000854487189,3539.397676547086,0.001805418246,1044.147616252018,,
0.42496961763458374,0.2658002202392074,424.96961763458376,0.000860916913,3535.246277396671,0.001815015362,1041.778965247552,,
0.42627677183261503,0.26381059933308537,426.27677183261505,0.000869261964,3511.57164423219,0.001825528366,1038.297776003963,,
0.427584252887182,0.261081211364913,427.584252887182,0.000921575337,3156.790131239487,0.001800819608,1028.99856879702,,
0.4288918428939275,0.26172341220518225,428.8918428939275,0.000922111477,3222.845723701466,0.001793151176,1024.777020949507,,
0.430199377988775,0.2589935899480775,430.199377988775,0.000938391345,3111.413826635434,0.001786528398,1018.395159513833,,
0.4315069679955205,0.25795527825715486,431.50696799552054,0.000945537043,3110.408525266354,0.001760324686,1012.187990152055,,
0.4328144490500875,0.2580958678560793,432.8144490500875,0.000950228278,3145.974030352839,0.001772021887,1009.490771405511,,
0.4341217122002973,0.2555906020969787,434.12171220029734,0.000956189518,3154.35094476762,0.001764801792,1005.420166315958,,
0.4354294111592214,0.25404922654163153,435.4294111592214,0.000949440134,3130.778320889654,0.001758742601,997.988702705935,,
0.43673689221378836,0.25247705246981306,436.73689221378834,0.000972279948,3041.019563611329,0.00173309754,992.680069495078,,
0.4380444822205339,0.2502474512175985,438.0444822205339,0.001009500755,2780.06022873478,0.00172781234,984.648006108562,,
0.4393522352197385,0.2491482212763228,439.3522352197385,0.001058990875,2525.832586481292,0.001742453347,976.81377172775,,
0.44065993417866256,0.24759696624710895,440.6599341786626,0.001066169262,2516.552855112524,0.001737267431,970.678866403917,,
0.44196768717786716,0.2456328095142481,441.96768717786716,0.001026571853,3107.19831751772,0.001712623518,969.655400171246,,
0.44327544017707177,0.24507875288922512,443.27544017707174,0.001036542967,3126.047849532125,0.001727668018,962.201728515271,,
0.4445830842240978,0.24303353205036493,444.58308422409783,0.00104371444,3163.573957215873,0.001723415278,960.423387635172,,
0.44589067423084333,0.2425197190861992,445.89067423084333,0.001059073436,3133.638143731887,0.001738786953,953.646828443202,,
0.44719842723004793,0.24197616863788848,447.1984272300479,0.001152526649,2345.83288144799,0.0017537064,950.372989462832,,
0.448506126188972,0.24046446722953652,448.506126188972,0.001089996029,3044.922726626436,0.001748123726,953.545109061543,,
0.44981415200443176,0.23922903113366575,449.8141520044318,0.001106371477,2995.562457596084,0.001743086828,952.187392903001,,
0.45112206886771294,0.23745946734656384,451.1220688677129,0.001122311963,2946.060177227273,0.001737962822,950.405816790996,,
0.4524299308190961,0.23987198514694935,452.4299308190961,0.001236268159,2161.579675228587,0.001751427561,953.175341558873,,
0.45373779277047926,0.23915060762476548,453.73779277047925,0.001208875436,2339.178098627116,0.001764599523,956.545372901438,,
0.45504554576968387,0.23789540240870807,455.0455457696839,0.001223826465,2406.048579359732,0.001695822067,962.247697468345,,
0.45635346263296506,0.23915060762476548,456.35346263296503,0.001207113169,2574.285787361403,0.001687493072,967.348749919795,,
0.45766121563216966,0.23766779192329446,457.6612156321697,0.001208384127,2632.334590336772,0.001699649882,973.108326246969,,
0.4589692414476294,0.23741079078573768,458.96924144762943,0.001219297288,2664.310461554334,0.001711432701,979.872468759813,,
0.4602773762152677,0.23961522591691067,460.27737621526774,0.001230309935,2590.96654285394,0.001700787176,991.773025198008,,
0.46158556502318654,0.23866605881042113,461.5855650231865,0.001270681877,2495.320349289261,0.001711182882,1000.962364183554,,
0.4628936448789268,0.2393779798156696,462.8936448789268,0.001278807444,2513.270580093528,0.001637906388,1021.711427440304,,
0.464201561742208,0.23890344673672495,464.201561742208,0.001296827348,2476.276224401817,0.001647349532,1032.797545996651,,
0.46550958755766775,0.23860738680868512,465.50958755766777,0.001297663271,2542.537055303928,0.001656566086,1044.328372008013,,
0.466817667413408,0.23717335793859637,466.817667413408,0.001309078735,2547.366260129464,0.001666034219,1056.170011046197,,
0.46812563831696974,0.23858781085356007,468.12563831696974,0.001419436578,1779.985137488695,0.001594504646,1084.949037732388,,
0.4694332823639958,0.2376385589711607,469.4332823639958,0.001415048035,1960.213976269335,0.001603064957,1097.36020925528,,
0.47074130817945553,0.23740107281833778,470.74130817945553,0.001414090754,2023.191904599954,0.001612578028,1104.86932582079,,
0.4720492250427367,0.2373621341771332,472.04922504273674,0.001390800647,2195.501114944344,0.001620736345,1118.216016420445,,
0.47335725085819647,0.2371053117899031,473.3572508581965,0.001387518147,2437.512736653092,0.001609059168,1140.549477349894,,
0.47466538562583477,0.23581117071080848,474.66538562583474,0.001398679667,2352.468236596432,0.001543607636,1201.051026030704,,
0.47597324757721793,0.23434674423791588,475.97324757721793,0.001432176621,2267.945633026589,0.001534502484,1271.552607312749,,
0.47728100057642253,0.23599069720799812,477.2810005764225,0.001412572593,2450.260013410206,0.001542708171,1275.921320196101,,
0.47858897147998425,0.2340129832786216,478.58897147998425,0.001423191536,2467.786238899339,0.001551268393,1284.076177283688,,
0.47989650657483174,0.23302380436057535,479.89650657483173,0.001439563572,2457.232306683586,0.001559884554,1262.24684774913,,
0.48120447747839346,0.2329664926167964,481.20447747839347,0.001445628261,2570.172351508305,0.001489092278,1340.904571676832,,
0.48251239434167464,0.2312632344453117,482.5123943416746,0.0014742393,2431.333768274278,0.001544801998,1299.189501994642,,
0.48382014734087925,0.2324051600813568,483.82014734087926,0.001473012182,2581.050712183715,0.001477939917,1405.244623400764,,
0.485128173156339,0.23094006155153599,485.128173156339,0.001477932991,2615.63307447102,0.001472427089,1438.607084899752,,
0.48643603510772215,0.22941755154450996,486.43603510772215,0.001502898902,2552.487392926421,0.001473632625,1443.325407192431,,
0.48774357020256964,0.22813295608956022,487.74357020256963,0.001524938918,2512.590852249542,0.001483357641,1438.043896335537,,
0.48905116020931516,0.22739014240807479,489.0511602093152,0.001544293479,2484.354768753662,0.001492996862,1433.744171111623,,
0.4903587502160607,0.22708671711318806,490.3587502160607,0.001551603185,2511.614159778347,0.001502711768,1428.642609250834,,
0.4916665032152653,0.22681130577550218,491.66650321526527,0.0015689983,2495.183975364956,0.00150001171,1446.69350518695,,
0.49297436516664844,0.2257838482772404,492.97436516664845,0.001588001685,2472.378810913417,0.00149729713,1468.045243464947,,
0.4942821730777511,0.22528845608762918,494.28217307775105,0.001607258344,2471.813245474574,0.001441517839,1620.368180137231,,
0.49559003502913423,0.22278364557311028,495.59003502913424,0.001643610724,2352.953369234729,0.001483989785,1541.181469060683,,
0.4968977339880583,0.22326999352944105,496.8977339880583,0.001652420911,2384.657401791139,0.001494669217,1532.991886557355,,
0.4982054329469824,0.22301312901116582,498.2054329469824,0.001670739619,2362.126125059365,0.001437217734,1698.134964699442,,
0.49951307699400843,0.22393984260292393,499.51307699400843,0.001687648272,2348.053446412584,0.001414154608,1828.063486879545,,
0.500820612088856,0.22197630925559336,500.82061208885597,0.001706551659,2334.578410723376,0.001424328597,1816.747733889569,,
0.50212831104778,0.22147156360325457,502.12831104778,0.001726973908,2312.878354904124,0.001434813843,1805.395476437599,,
0.5034363909035203,0.22193992537487864,503.4363909035203,0.001743535698,2282.953700282686,0.001444450334,1799.138937416276,,
0.5047440349505464,0.22020503928922555,504.74403495054645,0.00176414997,2319.189721408732,0.001450118609,1802.086735871511,,
0.5060516789975725,0.22189442737362336,506.05167899757254,0.001784330503,2226.061188406589,0.001459316648,1797.318062500826,,
0.5073595958608537,0.2207097521911601,507.3595958608537,0.001784152723,2366.089485858811,0.001474202279,1776.26897467957,,
0.5086671309557012,0.22171945527811465,508.66713095570117,0.001797365032,2372.416910597741,0.001483647352,1770.814723069891,,
0.5099748299146252,0.22270147578245492,509.97482991462516,0.001803879605,2403.238842410039,0.001491401903,1772.976834210613,,
0.5112823650094727,0.22349032114080725,511.28236500947264,0.001809570071,2432.210792994388,0.001498818188,1775.521053488703,,
0.5125900639683967,0.22325166988545084,512.5900639683966,0.00181879555,2447.268014625194,0.001505736735,1780.335340303761,,
0.5138979259197799,0.2244994633702107,513.8979259197799,0.001822983278,2476.275047829603,0.001430358073,1945.908329962473,,
0.5152056248787039,0.22307714138856394,515.2056248787039,0.001831262504,2518.58164417337,0.001509022036,1817.375350660165,,
0.5165132148854494,0.2252607514625436,516.5132148854494,0.00212192922,1433.196711705676,0.00150786136,1852.798310032687,,
0.5178208589324755,0.2255269208684726,517.8208589324755,0.002129916887,1415.58075840145,0.001508714808,1879.75758711764,,
0.5191282850751445,0.22382985552806914,519.1282850751445,0.002138554456,1382.437942811199,0.001507390427,1913.626794622609,,
0.5204357112178135,0.22676483483135826,520.4357112178135,0.002100715453,1275.478424663914,0.001500234623,1969.239065339755,,
0.5217426475114877,0.2258486400010608,521.7426475114877,0.002156102467,1655.095618648185,0.001491348274,2025.564785922332,,
0.5230498557497996,0.227334235524285,523.0498557497996,0.002149139985,1782.921559050347,0.00148495708,2101.731524945689,,
0.5243571729402899,0.2266101149629588,524.35717294029,0.002143591194,1592.495022259752,0.001482721655,2122.302426705312,,
0.5256645450426783,0.2253346377259472,525.6645450426784,0.002142210767,1584.204681006616,0.001485406209,2158.361439731173,,
0.5269719711853473,0.22432540046941232,526.9719711853473,0.002137734387,1479.344318369117,0.001481739356,2076.165608228864,,
0.5282788525671235,0.22558240469101792,528.2788525671235,0.002139168361,1741.788643562938,0.001484759526,2084.33153772837,,
0.5295860608054354,0.22510545389336994,529.5860608054354,0.002125309098,1784.621205773475,0.001480209421,2104.55612736885,,
0.5308930511393901,0.22506854955504754,530.8930511393901,0.002099776324,1807.44023626362,0.001485288561,2105.932931185827,,
0.5321997695287072,0.22579311211609226,532.1997695287072,0.002119286202,1884.343725233088,0.001489544004,2108.847856341557,,
0.5335067058223814,0.2240775751084687,533.5067058223814,0.00210690374,1881.474939820273,0.001495424435,2109.07170199035,,
0.5348140230128717,0.22500396065779255,534.8140230128718,0.002105723582,2062.434563762582,0.001511180365,2092.045330033493,,
0.5361210682587244,0.22326999352944105,536.1210682587244,0.002087557446,2148.702677562113,0.001518461207,2092.880316752457,,
0.5374281135045771,0.22177401357660712,537.4281135045771,0.00207778429,2264.952217035913,0.001530388729,2083.613936668997,,
0.5387349948863532,0.22248101348373778,538.7349948863532,0.00208638476,2170.295010240518,0.001541760823,2077.279483279061,,
0.5400414953713132,0.22193081962455616,540.0414953713132,0.002067622546,2186.980158226668,0.001550262941,2077.133486913982,,
0.5413483227128087,0.2196911420284686,541.3483227128088,0.002104710114,2140.640175462749,0.001559893205,2071.194007946087,,
0.5426549861902278,0.21944311357366247,542.6549861902278,0.002116782351,2124.580681871741,0.001574492855,2057.803965829302,,
0.5439617586198254,0.2176266212725504,543.9617586198254,0.002118676569,1741.778199941235,0.00157296689,2070.594745441455,,
0.5452688579059587,0.21741418763549022,545.2688579059587,0.002052729886,1640.576468208247,0.001584005629,2060.73552289812,,
0.5465756852474543,0.21610270768913462,546.5756852474542,0.002132767303,1721.305782509002,0.001585563699,2065.11486872892,,
0.5478824036367713,0.21560648772222088,547.8824036367713,0.002094248445,1647.941552220516,0.001597644924,2049.840119882206,,
0.5491892309782669,0.21430393058598887,549.1892309782669,0.002225559861,1901.816016229197,0.001607403688,2034.65811278127,,
0.5504960583197624,0.21379001228722155,550.4960583197625,0.002210939617,1872.50310952103,0.001620546231,2009.864363809456,,
0.5518027217971815,0.21306289937684214,551.8027217971814,0.002199690379,1834.488686302132,0.001633951589,1984.012915132199,,
0.5531094942267791,0.21547393404987292,553.1094942267791,0.002200036908,1815.96537976215,0.001648155483,1971.117642452686,,
0.5544163215682747,0.21225696908210448,554.4163215682747,0.002186932838,1782.782984120674,0.00165837624,1951.811689390258,,
0.555723475766306,0.21103274980847506,555.723475766306,0.002113028268,1650.90205797902,0.001663346114,1933.76155412098,,
0.5570306840046179,0.2125227247950278,557.0306840046179,0.002096812001,1638.320422817248,0.00168436063,1913.532348347559,,
0.5583376743385726,0.21199993632583106,558.3376743385726,0.002278414743,1866.18525936535,0.001696688293,1900.841740402497,,
0.5596445557203488,0.21173433909215206,559.6445557203488,0.00227515273,1888.909677046012,0.00171194705,1885.716583799452,,
0.560951492014023,0.21074972951904164,560.951492014023,0.002272807629,1879.836458874121,0.001724920671,1869.815194814188,,
0.5622584283076971,0.2129755366912083,562.2584283076972,0.002259255935,1779.207961948458,0.001735162739,1865.089182826592,,
0.5635652556491927,0.21199993632583106,563.5652556491926,0.00225610926,1768.105323791511,0.001749831044,1853.752394451072,,
0.5648717561341526,0.21100680445470513,564.8717561341526,0.002261013776,1755.972446566408,0.00176796844,1838.454666118653,,
0.5661787464681074,0.211512145283001,566.1787464681074,0.002258154474,1743.601071645086,0.001800704685,1846.458532357596,,
0.5674859547064193,0.21122042079338468,567.4859547064193,0.002252687929,1732.229344695019,0.001754405867,1879.907849175318,,
0.5687930539925525,0.21003892166497398,568.7930539925526,0.002208134994,1694.436181881164,0.001760583964,1866.551260088971,,
0.5700999902862267,0.21320617831151534,570.0999902862267,0.002196127042,1689.634676323708,0.001779353981,1861.897107541978,,
0.5714066537636457,0.21026155632814209,571.4066537636457,0.002187941577,1675.282567649365,0.001794275229,1849.050180957054,,
0.5727134811051413,0.21047550003149101,572.7134811051413,0.002163180154,1648.548213756716,0.001818220418,1830.070469967256,,
0.5740201445825603,0.21119446088384594,574.0201445825603,0.002141564017,1633.345596110516,0.0018385091,1816.809125125947,,
0.5753268080599794,0.20922481436817722,575.3268080599794,0.002094145999,1590.202433484283,0.001838581551,1826.05952799493,,
0.5766335264492964,0.2091819185612653,576.6335264492965,0.002319240297,1726.166631789912,0.001849358262,1820.770972614507,,
0.577940353790792,0.20889072637350808,577.940353790792,0.002296593082,1716.697203770746,0.001859687514,1817.73883901963,,
0.5792470721801091,0.20763151455004897,579.2470721801091,0.002226280198,1697.860444169477,0.001858751251,1840.466189934094,,
0.5805542263781404,0.20587499702284498,580.5542263781404,0.002192102502,1758.119168906409,0.001856856712,1845.338558263342,,
0.5818611626718145,0.2056094922136992,581.8611626718146,0.002194888869,1734.859836388302,0.001877648379,1824.370302779094,,
0.5831678810611316,0.2055673195069438,583.1678810611317,0.002196809478,1713.556323386881,0.001892736443,1808.456899591694,,
0.5844748173548058,0.20329632235589867,584.4748173548057,0.00225897031,1732.233936413867,0.001961734585,1758.665221015058,,
0.5857815357441228,0.2022932719170853,585.7815357441228,0.002299520009,1680.377996070521,0.001961839723,1751.232804998553,,
0.5870881451812613,0.20026156932806363,587.0881451812613,0.002378156742,1621.973250865844,0.001926220363,1785.456529910143,,
0.5883948635705784,0.20068515872611378,588.3948635705783,0.002108493622,1496.411615683636,0.001980153202,1729.913840779753,,
0.589701636000176,0.19867023492188318,589.701636000176,0.002399121196,1548.483337809623,0.001947364063,1747.358013368697,,
0.5910087352863093,0.19813994328621498,591.0087352863093,0.002410412225,1515.004473176226,0.001963813691,1729.139186048331,,
0.5923153987637283,0.19586712215408836,592.3153987637282,0.002402570557,1472.014277753222,0.002033854352,1689.564659932618,,
0.5936221171530454,0.19410770759248688,593.6221171530453,0.002391548989,1433.991914681887,0.002039932967,1680.56014693627,,
0.5949291074870001,0.19355379402569553,594.9291074870001,0.002416169366,1400.285641407779,0.002059610093,1660.31959928944,,
0.5962357709644192,0.19350618674400366,596.2357709644192,0.00246320614,1371.923818908749,0.00207837417,1646.354751550644,,
0.5975427612983739,0.19150530884371794,597.5427612983739,0.002344977612,1355.035801578307,0.002091685327,1630.216556731599,,
0.5988497516323287,0.1911933014859723,598.8497516323287,0.002362269063,1336.874325933414,0.002115476035,1609.820851990654,,
0.6001568509184619,0.1902355771748265,600.1568509184619,0.002379975838,1317.367000899022,0.002132830561,1595.851685534707,,
0.6014639502045952,0.18941003219611563,601.4639502045952,0.002384728518,1298.013563042776,0.002154029969,1578.097504636797,,
0.6027710494907285,0.1879450965947633,602.7710494907285,0.002359669903,1279.863706640495,0.002166627554,1566.202024135275,,
0.6040783126409383,0.18789883774303157,604.0783126409383,0.002394269957,1261.865254856064,0.002197604103,1544.820162020138,,
0.6053854668389695,0.18790655254750094,605.3854668389696,0.002442270312,1246.568074314383,0.002221772683,1529.752961887584,,
0.6066923482207457,0.18912193394638824,606.6923482207457,0.002472175182,1236.852344598176,0.002245185197,1516.607863083606,,
0.6079995564590576,0.18810953855877915,607.9995564590575,0.002489347248,1226.904667171396,0.002278295857,1491.490988062677,,
0.609306928561446,0.1868783364628675,609.306928561446,0.002259235777,1194.774116389732,0.002299734447,1477.372462779056,,
0.6106142457519363,0.18860801564762086,610.6142457519363,0.002501882423,1209.584652838592,0.002333306763,1452.519859245918,,
0.6119215089021461,0.18669014714819518,611.9215089021461,0.002138203641,1197.412036959019,0.002364096387,1432.349810647927,,
0.6132284992361009,0.18886503785446457,613.2284992361009,0.002226919646,1164.170644684753,0.00235341342,1342.614081398501,,
0.6145354355297751,0.18789883774303157,614.5354355297751,0.002322032573,1188.5560245248,0.002382753076,1336.692670763455,,
0.6158425897278064,0.18665949975620513,615.8425897278064,0.002334032372,1127.13773973576,0.002414524074,1321.847852682491,,
0.6171495260214805,0.18912193394638824,617.1495260214806,0.002388091887,1135.011931424046,0.002445828952,1366.949963333713,,
0.6184567342597924,0.18842066058981766,618.4567342597924,0.002425746779,1133.505254787564,0.002472008246,1340.161047899289,,
0.6197639974100022,0.1888960295661881,619.7639974100022,0.002461053533,1137.764519749739,0.002507383631,1326.421797085642,,
0.621070987743957,0.18916073283660323,621.070987743957,0.002482594056,1139.759506130947,0.002544060842,1282.373242294294,,
0.6223781959822688,0.18918399200184913,622.3781959822688,0.00191783327,1186.034972643562,0.002477730841,1270.90780449343,,
0.623685132275943,0.18993183150280096,623.685132275943,0.001922443656,1188.940882827228,0.002492700154,1267.030745439337,,
0.6249920136577192,0.18895026473929016,624.9920136577192,0.00195535971,1166.503026160578,0.00250747996,1266.257145587768,,
0.6262988950394953,0.18944109854739447,626.2988950394953,0.001961068263,1167.302751425804,0.00252493211,1276.812934554712,,
0.6276059943256286,0.1906871480207255,627.6059943256286,0.001965251794,1168.485712069202,0.002533701927,1307.549452019895,,
0.6289127127149456,0.18919952778112603,628.9127127149457,0.001970492981,1168.783161159791,0.002521591722,1290.099422986844,,
0.6302197030489004,0.18941003219611563,630.2197030489004,0.001973509281,1174.540207921446,0.002630694377,1248.931903272604,,
0.631526530390396,0.18722749564519114,631.5265303903959,0.001979720455,1174.878598881923,0.002592200818,1276.554802531059,,
0.632833248779713,0.19038339092675355,632.833248779713,0.001982659615,1178.483193352117,0.002603123254,1277.965381731116,,
0.6341399671690301,0.187960514692933,634.1399671690301,0.001987315702,1181.357704291691,0.002616854712,1275.60602154157,,
0.63544646765399,0.1884129246778192,635.44646765399,0.001991082397,1185.119320676547,0.002623603251,1280.05002541899,,
0.6367530770911285,0.18838976031119822,636.7530770911285,0.001994394993,1189.531037098954,0.002636229343,1279.011530460858,,
0.6380595226641904,0.18738475080824393,638.0595226641905,0.001996847592,1196.701072428074,0.002636854898,1282.020444371841,,
0.6393659682372523,0.18787573658066398,639.3659682372523,0.001999749602,1202.117674615646,0.002653552964,1279.916734775705,,
0.6406726866265694,0.18684768911959548,640.6726866265694,0.002003196537,1206.869533372328,0.002671944157,1281.421863306487,,
0.6419792960637078,0.18665185418279404,641.9792960637078,0.001996817026,1416.427968460313,0.002683873199,1282.811028740915,,
0.6432858505889484,0.18759557807091365,643.2858505889484,0.001972938543,1456.809791754093,0.002699241567,1283.714500480693,,
0.6445925140663674,0.18686301153461624,644.5925140663675,0.002279130322,1311.373500363025,0.002711451755,1284.382174192888,,
0.6458989055991488,0.18557778375162653,645.8989055991487,0.002184739978,1124.866349441839,0.002720477062,1284.726855084853,,
0.6472051881797516,0.1851092768754982,647.2051881797516,0.002110860614,1159.949691339903,0.002732814587,1285.753853007925,,
0.648511524800635,0.18531320586680344,648.511524800635,0.002055646106,1203.540345008176,0.002744328567,1288.633703692024,,
0.6498178073812378,0.18460264576440125,649.8178073812378,0.002028716902,1236.32973094104,0.002746263547,1288.375592102183,,
0.6511243078661978,0.18556256672286348,651.1243078661978,0.002029747401,1246.452296876884,0.002745651595,1301.846727727588,,
0.6524311892479739,0.18432291286206462,652.431189247974,0.002003830701,1278.651235840201,0.002755615633,1314.905656471172,,
0.6537377437732145,0.18427757046692422,653.7377437732144,0.002005293752,1288.747261917649,0.002755578803,1316.247455194405,,
0.6550443532103529,0.18482190429360065,655.0443532103529,0.001979024229,1327.158866767988,0.002760738639,1329.347333920394,,
0.6563508536953129,0.18306752325131725,656.3508536953128,0.001956039692,1362.108693750386,0.002768175844,1348.113540726389,,
0.6576573541802728,0.18457236541691374,657.6573541802728,0.00195405453,1380.648629942712,0.002749496631,1308.270405697892,,
0.6589640176576919,0.18579677942602088,658.9640176576919,0.001952567951,1396.891725032463,0.002865913857,1413.946301674327,,
0.6602704091904732,0.1845799248804398,660.2704091904732,0.001928082426,1439.249341548009,0.002851837686,1513.739906424244,,
0.6615769096754331,0.18512446171481517,661.5769096754332,0.00190529659,1479.090943326294,0.0028450288,1520.654654326887,,
0.6628836821050308,0.18713532740328448,662.8836821050307,0.00185765702,1565.958019077343,0.002849898675,1384.399640031466,,
0.6641902915421692,0.18738475080824393,664.1902915421692,0.001854389969,1587.547341824318,0.002856071962,1389.288636092133,,
0.6654968460674098,0.18741550970452364,665.4968460674098,0.001834197477,1629.767128351761,0.002853531552,1396.27828940125,,
0.666803019695834,0.1886699050670615,666.803019695834,0.001829060219,1656.921581464714,0.002846393412,1403.27147924708,,
0.6681093022764368,0.1889580236684415,668.1093022764368,0.001807669681,1704.197843243142,0.002850352501,1408.685430786998,,
0.6694155299451416,0.18847477037444896,669.4155299451417,0.001787285449,1750.93691852545,0.002841533098,1409.929469060298,,
0.6707218665660251,0.1899474068324272,670.721866566025,0.001767602716,1798.192455025396,0.002845918791,1411.923127582554,,
0.6720281491466279,0.1900253417746555,672.0281491466279,0.001761186462,1833.746170873681,0.002847634164,1418.288205093469,,
0.6733347585837663,0.1907653936689162,673.3347585837663,0.001576278574,1862.899677446459,0.003028880478,1198.245567080848,,
0.6746410411643692,0.1920194168860347,674.6410411643692,0.001527301621,1900.191965325964,0.003031452496,1204.226506296628,,
0.6759475416493291,0.1917937785404467,675.9475416493291,0.00144214198,2012.66239233375,0.003033421887,1215.213704607228,,
0.677253824229932,0.19328877199615394,677.253824229932,0.001422042648,2066.440507752779,0.003024897492,1222.162366950003,,
0.6785601068105348,0.19233162488696193,678.5601068105348,0.001402433109,2120.696583832043,0.003020444384,1241.709137378245,,
0.6798662255270611,0.19203516599077383,679.8662255270611,0.001398876958,2134.920907965239,0.003011359474,1262.541420534066,,
0.6811725081076639,0.19203516599077383,681.1725081076639,0.00139250809,2183.701712674772,0.003006561855,1290.902286537362,,
0.6824786268241902,0.190796693877564,682.4786268241902,0.001361623983,2276.164101814843,0.003002390677,1292.324215375095,,
0.6837850183569716,0.19279051586876833,683.7850183569716,0.00135595782,2303.403280871923,0.002996313638,1316.187673428816,,
0.685091354977855,0.19304763297066807,685.091354977855,0.001606191979,2175.323571784066,0.0029825934,1347.45612675389,,
0.6863976375584578,0.19181736920544593,686.3976375584579,0.001572296046,2244.31339399848,0.002976263705,1463.604394317,,
0.6877038111868821,0.19305555950130107,687.703811186882,0.001476045119,2317.139498415897,0.002962683055,1448.457880468771,,
0.6890098209512298,0.19128742123776396,689.0098209512298,0.001380820196,2483.815523030206,0.002952967269,1243.109090890907,,
0.690315721763399,0.19226064023021702,690.315721763399,0.001345822116,2622.612868171745,0.00293814367,1244.009887489481,,
0.6916217864396447,0.19075756020450663,691.6217864396447,0.001312744106,2843.088478555643,0.002920435517,1242.650577915779,,
0.6929276332115333,0.19000195058656721,692.9276332115332,0.001508978372,2706.830482405485,0.002857326774,1209.032452686133,,
0.6942339157921361,0.18975257325768555,694.2339157921361,0.001471135762,2738.972146248429,0.002998850636,1300.069878283116,,
0.6955398715162032,0.18972142696624592,695.5398715162032,0.001369000513,2507.026143655818,0.002961790348,1324.297149099994,,
0.6968461540968061,0.18897352359066527,696.846154096806,0.001320842997,2633.211524643218,0.002940516292,1348.774372195933,,
0.6981521098208732,0.187960514692933,698.1521098208732,0.001299775632,2725.862230868661,0.002907777676,1384.565516195929,,
0.6994581744971189,0.18742320592753836,699.4581744971189,0.001418977187,2624.72135595734,0.002884621726,1436.474517208502,,
0.7007644021658237,0.1869013383832177,700.7644021658236,0.001388379643,2716.70209731718,0.002838737638,1440.764823879338,,
0.7020706298345285,0.18465568938632868,702.0706298345285,0.001344866486,2835.424993439396,0.002925727415,1626.387669280482,,
0.7033768034629527,0.1855853834583357,703.3768034629527,0.00128312688,3018.906755287492,0.002884281453,1440.554635424915,,
0.7046831400838361,0.1821062868277127,704.6831400838362,0.001254438471,3189.092040050337,0.002912318941,1583.102225074941,,
0.7059896946090767,0.1825982443792386,705.9896946090767,0.001237553034,3273.591353943758,0.002885684086,1446.26604178965,,
0.7072959222777815,0.18377861623680528,707.2959222777815,0.001230240754,3325.363543725725,0.002862799453,1459.457346102727,,
0.7086024227627414,0.18177453461935156,708.6024227627414,0.001291183469,3239.201131749497,0.00284643183,1463.219691632904,,
0.7099087593836249,0.18172979452557994,709.9087593836249,0.001258179977,3372.399531567774,0.002914290582,1511.768857243153,,
0.7112152598685848,0.18102543462237877,711.2152598685848,0.001228770268,3481.517441978071,0.002807016205,1442.039900472691,,
0.7125214875372896,0.1802540825194703,712.5214875372897,0.001214352604,3521.053694595344,0.002842792681,1461.523565072873,,
0.713827824158173,0.18026148617688412,713.827824158173,0.001210356915,3557.83886149831,0.002922394981,1519.008505841217,,
0.7151344335953115,0.18048893778079342,715.1344335953115,0.001186383676,3649.055079022579,0.002871536642,1569.520759583538,,
0.7164408251280928,0.18073870426258978,716.4408251280928,0.001181541006,3706.921966829843,0.00284485196,1579.727812834305,,
0.7177475435174099,0.17976193625390513,717.7475435174099,0.00117188079,3729.750792376573,0.002845022811,1572.799328486444,,
0.7190539890904718,0.18096603089548385,719.0539890904718,0.001148415294,3794.967868717918,0.002840814082,1573.759336877724,,
0.7203604346635337,0.18052596789679712,720.3604346635337,0.001127080625,3970.38990610844,0.002825127586,1578.499257471057,,
0.7216667172441366,0.1805333833298579,721.6667172441365,0.001107786565,4140.00827360464,0.002795769719,1652.609808082416,,
0.7229729998247394,0.18126776519202845,722.9729998247394,0.001088008292,3943.215041483915,0.002904571267,1563.546198944134,,
0.7242791185412657,0.1810848773616948,724.2791185412657,0.00098967602,3838.289990876162,0.002868228131,1594.577476993458,,
0.7255857279784041,0.18352152021975257,725.5857279784042,0.000884653332,3897.821923780728,0.002851696302,1609.729224150966,,
0.7268921735514661,0.18056301321052873,726.892173551466,0.000854604747,3997.123250721839,0.002850428585,1618.189414954247,,
0.728198619124528,0.1823111897310882,728.198619124528,0.001061440647,4333.091824771154,0.002832231995,1634.752051140554,,
0.7295049017051308,0.1823111897310882,729.5049017051308,0.001013440092,4321.935363213856,0.002826276299,1648.277794984533,,
0.7308112383260142,0.18134216332102499,730.8112383260143,0.000864464671,4260.78867891451,0.002821312104,1659.433128750726,,
0.7321173570425406,0.1828029616152535,732.1173570425406,0.000833355399,4385.335720604364,0.002808124076,1676.328097365463,,
0.7334233668068882,0.18228874811730253,733.4233668068882,0.000802140352,4546.317864894493,0.002803095338,1684.342173661248,,
0.7347294855234145,0.18104772345330478,734.7294855234145,0.000980024705,4742.269498033001,0.002799690204,1691.624594782931,,
0.7360359310964765,0.18154716788791436,736.0359310964765,0.000842117643,4793.972817104667,0.002798447846,1703.592267508557,,
0.7373424315814364,0.1810328699618862,737.3424315814365,0.000812268569,5111.873276531694,0.002775462155,1705.361443742932,,
0.7386487141620393,0.1802540825194703,738.6487141620393,0.000783119749,5415.710792332208,0.002773717103,1709.909070693821,,
0.7399548877904635,0.17877728005895716,739.9548877904634,0.000928102703,4990.302743127583,0.002781910984,1704.986219044418,,
0.7412608975548112,0.18000427410983005,741.2608975548112,0.000825130396,4994.242861124201,0.002782434652,1711.139805633573,,
0.7425670162713375,0.17774834643631432,742.5670162713375,0.000798465668,5077.478051046051,0.002772004056,1687.25629874209,,
0.7438731349878638,0.1779762854155949,743.8731349878638,0.000917682046,5212.48361614749,0.002773355477,1691.043466926841,,
0.7451789268478544,0.17918141077625852,745.1789268478543,0.000867363171,5243.868243120636,0.002739011343,1668.469518244895,,
0.746484773619743,0.17644761689803803,746.484773619743,0.000788600114,5319.848616742919,0.002744347482,1665.578258464676,,
0.7477906744319122,0.17646211628324862,747.7906744319122,0.000774690256,5399.127790189441,0.002746903797,1661.34166835921,,
0.7490965212038008,0.17694752076001347,749.0965212038008,0.000869015612,5466.059378267536,0.002756465933,1665.358917769538,,
0.7504022590235109,0.17591875610443197,750.4022590235109,0.000817368659,5480.708081663503,0.002903673924,1755.04659488237,,
0.7517077789388639,0.17591875610443197,751.7077789388638,0.000792409627,5537.037288134316,0.002748629512,1657.986015194925,,
0.7530137887032116,0.17668315309566485,753.0137887032116,0.000777573959,5613.027859987013,0.002753755774,1659.092160457937,,
0.7543198533794573,0.17565443059211985,754.3198533794573,0.000739883853,5720.358051923939,0.002913708198,1754.034781875494,,
0.7556255362872694,0.17518319171240562,755.6255362872694,0.000808722076,5663.657402997647,0.002912726825,1762.465147230204,,
0.7569314920113365,0.17394690295811768,756.9314920113364,0.000774115741,5709.795730029238,0.0028538182,1696.563446927164,,
0.7582373387832251,0.17518319171240562,758.237338783225,0.000748987828,5787.201850180939,0.002836220144,1686.340859563069,,
0.7595434034594708,0.17442573056746308,759.5434034594708,0.000735484301,5861.929508927285,0.002839261826,1682.425320476995,,
0.7608494681357165,0.17368250977289726,760.8494681357165,0.000734969701,5895.661770551265,0.002850256988,1681.099944910283,,
0.7621553689478857,0.17320345092890985,762.1553689478857,0.000723266811,5943.355054880596,0.002858278086,1678.292755688398,,
0.7634612157197743,0.1747189198149681,763.4612157197744,0.000710332639,6023.733103114447,0.002859660005,1678.197482169292,,
0.7647670624916629,0.17449018857373355,764.767062491663,0.000685781263,6143.521991372575,0.002860923996,1677.846399228396,,
0.766072745399475,0.17652008199595964,766.072745399475,0.000682602122,6235.150592663455,0.002856063992,1680.6656106211,,
0.7673787551638227,0.1763134975692186,767.3787551638227,0.000656732432,6456.330818475363,0.002854327984,1689.103304243291,,
0.7686847108878898,0.17658532735406993,768.6847108878898,0.000653480662,6549.464191644101,0.002845281347,1687.086054096643,,
0.7699905576597784,0.17613562310275285,769.9905576597785,0.000640053368,6705.07699362217,0.002833998993,1690.230904722013,,
0.771296349519769,0.18037250030975632,771.296349519769,0.000625056184,6925.829532099146,0.002793467896,1658.87202698787,,
0.7726017604829434,0.18040953541278087,772.6017604829434,0.000619991067,7102.980484420972,0.002751374605,1638.837170303875,,
0.7739074433907555,0.17849727318080372,773.9074433907555,0.000597971009,7365.514483111971,0.002922500025,1799.296021608317,,
0.7752131812104656,0.1817111932252324,775.2131812104656,0.000592752415,7543.034522947512,0.002909409469,1817.633685350768,,
0.7765189190301757,0.18052815760768043,776.5189190301757,0.000580823583,7725.280209627875,0.002886685328,1835.439686648482,,
0.7778245478977072,0.17907129746667563,777.8245478977071,0.000561271118,8070.018743741975,0.002880079064,1854.150920914057,,
0.7791304487098764,0.18328560161118745,779.1304487098763,0.000549227268,8301.445497669378,0.002855704919,1871.854936623638,,
0.7804360226655098,0.18234578217835926,780.4360226655098,0.000544461029,8340.384675360323,0.002848724155,1886.324395237164,,
0.7817414876689648,0.18159558587232777,781.7414876689647,0.000534117259,8533.362806292997,0.002835477646,1905.33280403234,,
0.7830468986321392,0.18184564248333324,783.0468986321391,0.000529822551,8682.816514992202,0.002823599791,1918.745365242565,,
0.7843524185474922,0.18136776909137994,784.3524185474921,0.000514855816,8871.130105166329,0.002801721101,1938.443683377727,,
0.7856578835509471,0.18136030621719698,785.6578835509471,0.000506174218,9007.084800743549,0.002792409682,1965.41237236545,,
0.786963130650045,0.18136030621719698,786.963130650045,0.000492406771,9145.059409145992,0.002765917292,1976.406693838133,,
0.7882684867013213,0.1808599429979136,788.2684867013213,0.000474359834,9224.042011060428,0.002756541546,1997.237238879542,,
0.7895741155688528,0.1806023709748512,789.5741155688528,0.000455417702,9321.742950271871,0.002743140982,2019.207654118471,,
0.7908797984766649,0.18087482940308647,790.8797984766649,0.000430390456,9402.656132287611,0.002729589658,2030.108388320484,,
0.7921852634801199,0.17985158636849422,792.1852634801198,0.000415710048,9537.324942492804,0.00270409338,2036.947708872817,,
0.7934907833954729,0.18083021559445817,793.4907833954728,0.000400233557,9716.801104124306,0.002680839198,2038.71271572007,,
0.7947962483989278,0.17837159774355088,794.7962483989278,0.000447252617,9992.17523254374,0.002679262521,2051.866043288463,,
0.7961018223545613,0.17812123208090697,796.1018223545612,0.000439623302,10114.528232111565,0.002682123684,2053.664303303177,,
0.7974073422699143,0.1786147345794246,797.4073422699142,0.000416154807,10182.227835490881,0.002675322654,2056.91819533959,,
0.7987130800896244,0.17836425423072122,798.7130800896243,0.000402310745,10324.81909202077,0.002669134113,2051.47541305302,,
0.8000186000049774,0.17834226487166097,800.0186000049774,0.000388083632,10495.53493018925,0.002661035034,2056.250004466629,,
0.8013239560562537,0.17638930827016058,801.3239560562537,0.000380346508,10638.105831485336,0.002654171669,2057.174362656136,,
0.8026295849237852,0.17833492377383664,802.6295849237853,0.000372038629,10805.00797699616,0.002633565795,2051.355966111329,,
0.8039352678315973,0.17608801107754013,803.9352678315973,0.00036459993,10927.2617122126,0.002619278788,2049.893452253301,,
0.8052409507394094,0.1758590812872961,805.2409507394094,0.000363309221,11027.160925225075,0.00260256021,2051.890468435471,,
0.806546797511298,0.17509276394100295,806.546797511298,0.000356357111,11127.946417911528,0.002554351896,2031.14870532308,,
0.8078524804191101,0.1745913908538473,807.8524804191101,0.000355703625,11201.59794070199,0.002755523737,2181.990747547242,,
0.8091582182388202,0.17287860208732964,809.1582182388202,0.000349939534,11224.32856662593,0.002729573947,2174.449007720935,,
0.8104642829150659,0.174383683329303,810.4642829150658,0.000349337107,11298.69018128014,0.002700885005,2195.39568181942,,
0.8117704565434901,0.17320800577779674,811.7704565434901,0.000349358818,11327.967170005966,0.00267951496,2229.235230969585,,
0.8130764122675572,0.17396801722464358,813.0764122675572,0.000342846628,11655.754764497324,0.002663312582,2091.166158806737,,
0.8143823679916243,0.17377437287818556,814.3823679916243,0.000342496936,11614.033935485399,0.002640613055,2092.498549301859,,
0.815688377755972,0.17466408227636546,815.688377755972,0.000341639905,11758.238430574296,0.002612793312,2085.546821436405,,
0.8169946054246768,0.17723326038739892,816.9946054246768,0.000333523164,11952.650772228562,0.002570978684,2085.274555494881,,
0.8183009969574582,0.17584260774579333,818.3009969574582,0.000314908959,12152.245153815884,0.002544178884,2086.65476013975,,
0.8196068977696274,0.17848007541583483,819.6068977696274,0.000301010417,12429.66786599738,0.002484923374,2071.66593673485,,
0.8209130164861537,0.17991457296674052,820.9130164861537,0.000298689326,12618.81500969249,0.00238292524,2036.781085283565,,
0.8222195169711136,0.18029254152602167,822.2195169711136,0.000296326792,12830.75794582186,0.00261738857,2197.422952554652,,
0.8235257446398184,0.1834465361271902,823.5257446398184,0.000288163153,13135.202128444289,0.002559253464,2222.453303994735,,
0.8248318093160641,0.18518492857665986,824.8318093160641,0.000285478962,13443.569238093092,0.002526492736,2233.807332855641,,
0.8261378739923099,0.18970406086899222,826.1378739923099,0.000278309817,13691.53690306629,0.002477353493,2238.766266678032,,
0.8274439386685556,0.19038867358506664,827.4439386685556,0.00026679367,14216.766512979395,0.002425838606,2247.030589038666,,
0.8287500573850819,0.19194983333779583,828.7500573850818,0.000265809242,14315.794659104116,0.002398341182,2257.878258979343,,
0.8300561761016082,0.19621721439913006,830.0561761016082,0.000253707172,14790.250882628354,0.00233839878,2239.657427042992,,
0.8313622948181345,0.20084979660993924,831.3622948181345,0.000258626934,14344.842331464108,0.002531009866,2301.321795237041,,
0.8326684684465587,0.20393570368661165,832.6684684465587,0.000247901277,14715.215463711464,0.002500918259,2301.993554640865,,
0.833974587163085,0.20451997949389883,833.9745871630851,0.000249196867,14578.55542373673,0.002461106272,2300.759709410852,,
0.8352805428871521,0.20953600673639564,835.2805428871521,0.000246617942,14871.481120835464,0.002432135455,2293.294337945859,,
0.8365862257949642,0.21538002097222944,836.5862257949642,0.000246841309,14913.55154111751,0.002347668279,2333.570244767252,,
0.8378917457103172,0.21711683669385126,837.8917457103172,0.00024710597,14917.951917063545,0.002339346855,2316.432727406591,,
0.8391975375703078,0.21819036583817691,839.1975375703078,0.000200064827,15210.516808481309,0.002339441293,2300.865068760789,,
0.8405030574856608,0.2200608165305771,840.5030574856607,0.000200202866,15256.08298890829,0.002341748318,2279.929309507478,,
0.8418086863531923,0.22310248280543052,841.8086863531922,0.000200294607,15371.796046896148,0.002352482794,2279.573139434168,,
0.8431140973163667,0.22357434343126878,843.1140973163666,0.000239934468,15072.91423389882,0.002353445369,2277.136591254936,,
0.844419453367643,0.2230975477713163,844.419453367643,0.000237672726,15191.797718587992,0.002343846925,2273.533402350517,,
0.8457247004667409,0.2231806591628555,845.7247004667408,0.000233358749,15266.470476097764,0.002334260908,2263.347746876773,,
0.8470297296614816,0.22534627906577614,847.0297296614816,0.000229195279,15331.42676845104,0.00233595272,2260.443462007434,,
0.8483348137681204,0.22276984294286545,848.3348137681204,0.00022671246,15463.602245129845,0.002325272834,2258.696294266216,,
0.8496398429628611,0.22270706293481174,849.639842962861,0.000201292921,16434.69997306231,0.002314054794,2257.019064160668,,
0.8509444363488876,0.21808911549795607,850.9444363488876,0.000201327843,16454.140475478198,0.002301002531,2255.0864266772,,
0.8522494655436283,0.21901819300468156,852.2494655436284,0.000198429879,16425.154663513746,0.002288255535,2250.198145437132,,
0.853554276834012,0.21802820040850313,853.554276834012,0.000223406593,15919.4320424258,0.002273140667,2250.84662961751,,
0.854859034084115,0.21595968237575114,854.859034084115,0.000195482746,16683.363236744262,0.002246110215,2250.357468976636,,
0.8561639543266771,0.21387653768394888,856.1639543266772,0.000195773115,16712.966092529863,0.00221748389,2251.651289501811,,
0.8574687656170608,0.21140545192110638,857.4687656170607,0.000216004783,15938.98397550566,0.002186544781,2257.885063752376,,
0.8587735769074444,0.20835213815846773,858.7735769074444,0.000214088611,16038.078099308825,0.002166851411,2265.093522441755,,
0.8600786061021851,0.2060088248572914,860.0786061021851,0.000197464151,16718.65917110176,0.002147331794,2270.838565021263,,
0.861383145447931,0.20268093647599889,861.383145447931,0.000198623696,16456.312768549473,0.002139285588,2279.8102551642,,
0.8626882295545698,0.199067746713116,862.6882295545698,0.000199617106,16138.932576262207,0.002118245934,2292.57819703915,,
0.8639933136612086,0.19521398773220755,863.9933136612086,0.000199956714,15959.202867705291,0.002073463213,2308.855950522094,,
0.8652983428559493,0.19290831170008735,865.2983428559493,0.000199687473,15968.30271516164,0.002196339419,2339.53003182493,,
0.8666035359147666,0.18760680501156404,866.6035359147666,0.000198320418,16177.605988433563,0.002143681702,2394.309167983103,,
0.8679086740616858,0.18597738720330734,867.9086740616858,0.000194462126,16529.679290696724,0.002107729238,2428.59221547993,,
0.8692141390651408,0.17819635756903662,869.2141390651408,0.000179219348,18526.25022655114,0.00207370779,2464.564538145812,,
0.8705194951164171,0.17467476031729845,870.5194951164171,0.000179116254,18611.86765031668,0.002054557515,2492.973736574676,,
0.871824742215515,0.1707936849205267,871.824742215515,0.000184914085,17702.883308152097,0.00200655137,2503.396443200539,,
0.8731305340755056,0.16657783811452687,873.1305340755056,0.000188747576,16871.440988899234,0.002077292189,2525.744260477879,,
0.8744363808473942,0.1615614544729457,874.4363808473942,0.000189502327,17120.820821934878,0.002030982225,2442.65800042849,,
0.8757423365714613,0.1564958511577815,875.7423365714612,0.000191991265,17300.083647139993,0.002088041762,2418.698968281592,,
0.8770486191520641,0.15402997030421567,877.0486191520641,0.000192243257,17189.88586651234,0.00208248057,2367.974751971708,,
0.8783547378685904,0.14967573960311542,878.3547378685904,0.000202753065,17131.082579638194,0.002074007,2295.203745250712,,
0.8796611294013718,0.14332504629026713,879.6611294013718,0.00019974636,16214.57305024435,0.00181154545,2158.727540152731,,
0.8809678477906888,0.13846798094107704,880.9678477906888,0.000211557617,16439.630113172796,0.002084955526,2215.614243277778,,
0.8822742933637507,0.13475079344914673,882.2742933637508,0.000203184732,15669.877913115723,0.001861280958,2136.700457083641,,
0.8835810657933484,0.13026565258461587,883.5810657933483,0.000223300375,16089.788276826797,0.002173225803,2230.458925453853,,
